fluidez,contacto_visual,estabilidad_postura,muletillas_por_min,ritmo_ppm,pausas_largas_por_min,nivel
0.5227,0.6743,0.5787,10.7517,101.3679,2.9562,MEDIO
0.7122,0.7175,0.7906,12.3625,109.57,1.9643,MEDIO
0.4779,0.5535,0.627,9.5834,119.8669,4.6075,MEDIO
0.457,0.4989,0.471,10.2883,120.7733,4.4027,BAJO
0.6005,0.6613,0.8206,7.2248,109.0656,3.1913,ALTO
0.6918,0.545,0.3993,10.9535,116.0064,4.4251,BAJO
0.355,0.488,0.3657,12.1868,95.6422,4.0426,BAJO
0.6685,0.7518,0.9315,7.4393,124.2286,1.8104,ALTO
0.3905,0.3463,0.6265,6.8104,115.7895,5.2182,BAJO
0.8025,0.6118,0.6975,6.4125,136.6817,0.7331,MEDIO
0.5353,0.4634,0.6163,6.174,123.8109,0.6815,ALTO
0.5773,0.7606,0.5542,7.1173,125.3977,3.2776,MEDIO
0.5154,0.7761,0.6319,13.3967,101.7015,2.3591,BAJO
0.357,0.0863,0.4319,9.9947,106.3512,3.6555,BAJO
0.3324,0.6671,0.5123,10.3715,117.4318,4.9861,BAJO
0.3386,0.5877,0.4721,5.1265,127.8697,2.8468,BAJO
0.6854,0.7561,0.6863,7.7405,111.688,1.0846,MEDIO
0.1659,0.4648,0.3848,15.6081,117.2228,6.8175,BAJO
0.6812,0.7658,0.4995,8.8437,99.5837,1.065,ALTO
0.6374,0.4979,0.6596,10.7742,103.4141,3.8356,MEDIO
0.6036,0.443,0.8966,11.2431,116.9939,0.4728,ALTO
0.7332,0.5746,0.8454,9.1914,100.6591,3.2346,ALTO
0.6758,0.7335,0.768,8.5818,121.0294,1.4629,ALTO
0.8874,0.6754,0.6922,7.4821,131.108,2.8728,MEDIO
0.5972,0.7213,0.6562,0.0,96.546,2.4556,MEDIO
0.4361,0.6726,0.7507,5.8662,120.5094,3.6852,MEDIO
0.5471,0.478,0.5369,6.2256,90.8942,2.721,BAJO
1.0,0.6836,0.9855,0.4908,166.6382,0.0,ALTO
0.516,0.4119,0.2638,15.315,111.8705,4.3041,BAJO
0.4801,0.56,0.5343,8.5732,116.3999,3.0922,MEDIO
0.7317,0.4383,0.801,11.0795,129.8772,0.0,MEDIO
0.7843,0.5712,0.594,2.5449,133.9978,0.9697,ALTO
0.6404,0.3899,0.6391,4.091,137.16,1.5872,ALTO
0.9544,0.5836,0.7548,8.5998,102.1305,4.0958,MEDIO
0.3053,0.5208,0.5959,12.5997,120.448,5.6529,BAJO
0.8816,0.6084,0.6225,5.0589,150.2264,1.0246,ALTO
0.6544,0.6571,0.4402,8.4626,116.3401,3.6393,BAJO
0.6592,1.0,0.6299,4.7129,127.706,0.0,ALTO
0.321,0.5584,0.2433,12.5734,60.0,4.118,BAJO
0.7337,0.6339,0.4733,8.0855,103.2314,3.1321,BAJO
0.5474,0.6387,0.4517,11.4081,121.7606,3.6142,MEDIO
0.6957,0.4778,0.8197,11.1615,141.0718,1.7403,MEDIO
0.4539,0.4252,0.6142,6.901,132.146,2.5622,MEDIO
0.7069,0.6323,0.6591,6.2611,120.9699,2.9574,MEDIO
0.5072,0.5284,0.4057,9.5185,137.8798,3.8675,MEDIO
0.5817,0.7219,0.6886,12.3625,132.9983,3.96,MEDIO
0.6138,0.4993,0.822,10.5697,111.8227,3.4394,MEDIO
0.6064,0.6667,0.5641,1.8695,154.5632,3.0405,MEDIO
0.6421,0.7145,0.9176,0.5007,111.4857,3.9907,ALTO
0.5858,0.5893,0.6772,5.6281,99.0635,3.7291,BAJO
0.4017,0.4461,0.4984,12.1001,102.2673,6.1161,BAJO
0.8426,0.4937,0.6772,7.8875,108.9749,2.0145,MEDIO
0.9383,0.8556,0.8769,4.1199,131.985,0.0,ALTO
0.6751,0.7884,0.9966,3.6119,144.2531,1.215,ALTO
0.5701,0.3042,0.4697,17.543,100.2707,4.6521,BAJO
0.5554,0.6806,0.6894,10.1744,119.4101,4.549,MEDIO
0.7028,0.8179,0.6609,6.1012,127.6395,0.7166,MEDIO
0.6715,0.6561,0.7005,11.8037,84.1783,2.9762,MEDIO
0.3306,0.4101,0.4635,4.962,93.3339,3.7992,BAJO
0.5394,0.5744,0.6069,8.6957,111.2197,3.2638,MEDIO
0.595,0.5335,1.0,7.2242,111.4781,2.1891,ALTO
0.4883,0.4809,0.2158,12.7811,106.0611,4.3807,BAJO
0.7683,0.6012,0.7623,0.6117,149.1569,3.0642,ALTO
0.5804,0.745,0.6464,7.6886,117.4598,4.7486,MEDIO
0.4767,0.59,0.5028,11.6969,92.144,3.8023,BAJO
0.8362,0.854,0.7049,6.6937,116.9789,0.9066,ALTO
0.4542,0.5594,0.4811,15.3617,130.715,6.1231,BAJO
0.5372,0.4973,0.5368,11.7107,136.4264,2.1522,BAJO
0.5468,0.476,0.5906,9.5321,122.8014,5.5232,BAJO
1.0,1.0,0.7705,4.6483,114.4236,2.4916,ALTO
0.5368,0.4969,0.7903,9.4394,117.6912,5.2756,BAJO
0.2977,0.1918,0.3819,14.0984,106.5097,5.6931,BAJO
0.3235,0.6555,0.6303,11.868,114.5038,0.966,MEDIO
0.4912,0.6562,0.5858,6.9751,114.6002,1.2633,MEDIO
0.6325,0.8625,0.8051,7.2436,120.3331,2.5346,MEDIO
0.8281,0.851,0.917,5.3255,128.0281,0.0935,ALTO
0.6928,0.736,0.8052,6.6134,114.2726,1.2311,ALTO
0.654,0.8021,0.518,11.1049,140.2413,3.4433,ALTO
0.4336,0.302,0.4457,16.7921,124.2531,3.5248,BAJO
0.6785,0.6877,0.9745,6.0391,128.4739,0.0,ALTO
0.6198,0.4393,0.495,7.937,120.9902,4.2768,BAJO
0.669,0.2439,0.6313,11.2971,119.1095,4.1106,BAJO
0.4286,0.656,0.4691,10.571,149.2508,2.9941,MEDIO
0.4808,0.3875,0.6168,13.0748,121.0959,4.8893,BAJO
0.3371,0.655,0.4947,13.463,127.1331,3.4409,BAJO
0.4096,0.6144,0.4847,4.2927,117.5981,4.6731,BAJO
0.6134,0.7437,0.6074,10.4888,118.8526,2.4018,ALTO
0.674,0.4916,0.5176,14.228,135.6666,4.8076,MEDIO
0.3687,0.3599,0.5447,12.9905,117.7968,1.879,BAJO
0.3269,0.432,0.4729,13.9063,93.6471,4.9192,BAJO
0.6224,0.7279,0.5122,7.0673,127.2877,2.2409,MEDIO
0.6072,0.5913,0.6238,8.0833,131.6655,1.8278,ALTO
0.448,0.443,0.4326,11.5369,84.186,4.7676,BAJO
0.7571,0.3896,0.65,11.1433,101.8097,4.3722,ALTO
0.6099,0.6567,0.7544,9.213,127.4716,0.1935,MEDIO
0.7633,0.667,0.7518,6.4239,102.9127,2.4523,ALTO
0.4641,0.4986,0.5763,12.6494,87.0457,4.316,BAJO
0.6525,0.5693,0.8336,10.149,115.8486,1.9719,MEDIO
0.8359,0.6352,0.6943,3.0598,134.0894,1.0373,ALTO
0.6876,0.5451,0.4344,12.4607,120.2558,1.7562,BAJO
0.5109,0.6582,0.6863,13.3077,141.6559,2.5195,MEDIO
0.7096,0.8336,0.4838,8.2742,119.867,2.7274,MEDIO
0.5072,0.547,0.4684,15.6162,102.6714,5.0441,BAJO
0.7192,0.8086,0.5662,5.347,101.5827,3.0595,MEDIO
0.5886,0.4902,0.5409,8.0898,113.7251,1.6308,MEDIO
0.6371,0.4469,0.6445,5.1145,133.8289,2.6666,MEDIO
0.5629,0.4628,0.6104,14.9767,119.9168,3.6994,BAJO
0.6992,0.6992,0.7503,12.6541,122.8939,1.797,MEDIO
0.9191,0.8243,0.8621,4.4864,138.4298,0.0,ALTO
0.8495,0.962,0.8605,6.1558,154.7478,1.7114,ALTO
0.7271,0.4056,0.7138,9.468,130.7858,2.2394,MEDIO
0.1973,0.6236,0.2302,11.1391,128.8491,4.639,BAJO
0.4716,0.6799,0.7067,7.4592,112.3071,1.6312,MEDIO
0.4982,0.3444,0.3065,11.4531,113.9055,3.5466,BAJO
0.5079,0.7111,0.4224,5.2569,114.4494,1.0285,MEDIO
0.5963,0.5298,0.5263,10.501,123.9592,2.4592,MEDIO
0.2613,0.4571,0.4851,18.3706,90.0668,4.5227,BAJO
0.5022,0.6795,0.5339,7.7716,111.4864,3.5253,MEDIO
0.6262,0.7205,0.8696,8.7271,98.2616,0.3266,MEDIO
0.7574,0.4348,0.7019,8.9356,129.9667,1.3966,MEDIO
0.5745,0.6145,0.6298,6.7884,140.3224,2.1002,MEDIO
0.6681,0.409,0.8031,8.3011,133.9229,3.8216,MEDIO
0.6615,0.7145,0.8423,11.9586,134.0837,1.5749,ALTO
0.752,0.8221,0.7312,8.405,135.5141,2.5752,ALTO
0.656,0.4046,0.5027,10.8615,126.7793,3.4409,MEDIO
0.6007,0.5141,0.5636,12.3626,128.5403,2.5313,BAJO
0.6074,0.6629,0.6195,3.0581,143.35,1.6028,ALTO
0.5859,0.5478,0.6288,5.064,110.7456,1.1952,MEDIO
0.5976,0.6465,0.5013,12.9169,116.473,2.0934,MEDIO
0.6374,0.545,0.5915,8.3583,120.8716,4.4831,MEDIO
0.4909,0.6492,0.6294,11.214,112.3441,4.8619,BAJO
0.6694,0.6783,0.3458,7.2932,92.8056,4.2885,MEDIO
0.6199,0.7509,0.4923,8.7711,102.9604,3.9946,MEDIO
0.4388,0.3957,0.5117,6.5677,118.0839,1.231,BAJO
0.5292,0.7493,0.5998,8.7903,130.8267,1.9245,BAJO
0.7146,0.6912,0.4857,8.5006,112.5258,3.2664,MEDIO
0.6789,0.797,0.5988,5.6071,159.7164,5.6265,ALTO
0.7738,0.6318,0.5939,5.9536,110.6393,1.9939,MEDIO
0.4587,0.4729,0.4299,2.594,123.6356,3.9673,BAJO
0.2953,0.2539,0.363,10.1995,120.8033,5.1984,BAJO
0.5876,0.5135,0.6522,8.8689,139.2813,2.7712,MEDIO
0.6284,0.6042,0.5953,8.8846,129.4377,2.7614,MEDIO
0.4648,0.5919,0.5369,7.8626,126.1082,2.4137,MEDIO
0.6289,0.8363,0.7439,7.7729,126.2622,0.0,ALTO
0.3988,0.3811,0.5644,9.4168,131.2547,5.6919,BAJO
0.6265,0.6955,0.6471,7.5544,146.2171,1.2127,ALTO
0.5691,0.5708,0.4301,8.0829,106.2483,0.7685,MEDIO
0.4704,0.2796,0.5576,12.8922,105.3906,5.4284,BAJO
0.4516,0.7015,0.6824,7.553,98.2098,3.2252,BAJO
0.5868,0.5928,0.469,16.1884,137.518,4.1738,MEDIO
0.6816,0.5491,0.5986,7.6101,117.5737,4.7199,MEDIO
0.4924,0.5572,0.6735,10.7282,132.2549,2.5064,BAJO
0.5236,0.6541,0.81,10.6816,116.3617,1.9938,BAJO
0.6404,0.615,0.6024,6.879,88.2136,2.9754,MEDIO
0.2804,0.2883,0.5643,8.6429,141.4562,5.5769,BAJO
0.7353,0.8373,0.6016,3.4087,131.5222,0.0,ALTO
0.4553,0.5964,0.5921,10.9188,102.5542,3.2758,MEDIO
0.3109,0.4579,0.51,9.1784,129.38,4.6669,BAJO
0.452,0.5004,0.5508,10.4809,138.8827,4.985,BAJO
0.545,0.7148,0.8831,8.7591,122.5282,3.0169,MEDIO
0.4481,0.5892,0.5235,9.3579,106.716,5.3435,BAJO
0.7305,0.4723,0.5233,7.6714,123.548,0.0,MEDIO
0.7298,0.6953,0.4157,5.6393,98.1227,5.3271,MEDIO
0.5461,0.5374,0.7617,10.4453,104.6619,3.7721,BAJO
0.5813,0.4097,0.5733,11.6617,135.434,5.4812,BAJO
0.5685,0.4569,0.6124,11.9674,111.9104,2.0989,MEDIO
0.5546,0.4648,0.5806,5.1355,107.0129,0.8399,MEDIO
0.4135,0.3955,0.6741,7.1366,114.4578,4.7726,BAJO
0.6825,0.5924,0.4285,6.7857,127.8811,2.5419,MEDIO
0.4715,0.83,0.6565,7.8156,89.7869,2.6203,MEDIO
0.844,0.48,0.5685,10.003,130.0944,2.6962,ALTO
0.4664,0.2947,0.417,11.5904,140.5564,5.3405,BAJO
0.4889,0.684,0.5442,4.5779,148.1949,4.1675,BAJO
0.522,0.4838,0.1469,8.8198,119.3056,4.0399,BAJO
0.7072,0.584,0.4775,6.5637,129.1563,2.6391,MEDIO
0.7901,0.6047,0.5401,4.0911,140.0004,3.4856,MEDIO
0.4784,0.4593,0.5426,11.4412,112.6294,4.2492,BAJO
0.3816,0.433,0.5024,7.4235,122.1446,1.9007,BAJO
0.7544,0.4297,0.955,5.7429,155.8266,3.3362,ALTO
0.6804,0.5431,0.7447,5.9917,108.4938,0.0,ALTO
0.5078,0.5054,0.472,11.7036,111.1497,5.8957,BAJO
0.5094,0.5845,0.5353,12.5941,111.879,3.5205,BAJO
0.4788,0.8298,0.7794,4.2169,125.4469,3.1771,ALTO
0.6126,0.6155,0.6456,11.241,116.8292,3.7602,BAJO
0.744,0.4642,0.7982,2.568,134.8809,1.47,ALTO
0.6682,0.5751,0.7629,5.6475,128.6968,2.8583,MEDIO
0.6555,0.7885,0.3651,6.1279,137.6116,2.5221,MEDIO
0.6098,0.6866,0.7655,12.6969,117.319,4.6795,MEDIO
0.7557,0.8136,0.8536,8.4767,120.547,5.0027,ALTO
0.3709,0.4255,0.5219,4.3991,96.2397,2.5096,BAJO
0.7351,0.5632,0.581,5.6342,123.1087,0.0,ALTO
0.5939,0.6295,0.8025,2.4716,126.2899,2.0236,ALTO
0.3208,0.5048,0.459,9.4153,101.937,3.0958,BAJO
0.6735,0.8722,0.7604,5.9221,139.3477,1.7147,ALTO
1.0,0.8491,0.6811,1.7794,143.4328,0.0,ALTO
0.3857,0.5691,0.8594,10.1528,133.6475,4.1218,MEDIO
0.6542,0.6574,0.5045,8.8017,114.4025,0.7753,MEDIO
0.5405,0.5948,0.5863,7.2542,103.4225,3.8264,MEDIO
0.6357,0.6779,0.38,5.8476,136.0728,3.5681,MEDIO
0.3219,0.3395,0.4693,11.9662,108.2709,4.6629,BAJO
0.441,0.4567,0.5702,4.0833,116.0793,3.4704,BAJO
0.451,0.7673,0.7573,6.8519,129.425,3.9704,MEDIO
0.9406,0.5732,0.7444,7.3383,143.5645,1.3004,ALTO
0.2875,0.6068,0.5795,8.7243,85.9108,4.1532,BAJO
0.5095,0.3196,0.473,8.0423,136.5907,3.7286,BAJO
0.9668,0.6524,0.7117,3.3919,123.8588,2.4122,ALTO
0.4886,0.6869,0.566,14.2759,141.4591,4.1643,BAJO
0.6128,0.5719,0.6614,7.2313,98.3645,1.0548,ALTO
0.6164,0.3361,0.5824,9.0627,116.6045,3.4552,BAJO
0.6001,0.5452,0.6142,7.8264,108.5305,2.5152,ALTO
0.2463,0.4056,0.4745,12.8946,75.2925,5.2434,BAJO
0.4474,0.4963,0.6365,10.5714,123.218,4.3316,MEDIO
0.5166,0.4069,0.4192,8.3614,83.0243,3.4931,BAJO
0.8166,0.5981,0.6769,10.6209,115.7868,1.9377,MEDIO
0.4244,0.4335,0.7319,10.9747,128.3167,4.3263,BAJO
0.4879,0.8461,0.377,11.7635,107.3581,3.1872,MEDIO
0.5896,0.512,0.6334,8.5081,102.2058,4.9868,BAJO
0.6565,0.5378,0.6945,9.0285,130.1225,5.0189,MEDIO
0.6092,0.4659,0.7398,9.0118,110.9885,4.5592,MEDIO
0.3845,0.7018,0.6022,14.8721,104.2906,4.1533,BAJO
0.5472,0.3925,0.64,8.3469,138.0769,4.9567,MEDIO
0.738,0.748,0.7737,5.5729,111.1153,2.1953,ALTO
0.7457,0.5734,0.5464,6.6877,113.4556,2.2206,MEDIO
0.5008,0.3463,0.5156,8.3997,126.3787,2.6733,MEDIO
0.5788,0.4738,0.4518,9.2034,100.2305,2.1907,MEDIO
0.2541,0.4134,0.5955,15.651,127.4217,4.7873,BAJO
0.7806,0.4664,0.6592,6.7544,114.712,3.5706,MEDIO
0.5667,0.5804,0.4741,9.6047,128.2462,1.6142,BAJO
0.6067,0.7093,0.5614,11.1089,123.7593,3.2373,MEDIO
0.5138,0.5321,0.6828,11.1204,110.5195,3.844,MEDIO
0.5582,0.3635,0.6964,4.6777,108.6727,4.0321,BAJO
0.5443,0.5881,0.6075,3.2423,126.6783,1.9526,ALTO
0.4852,0.6694,0.3591,1.7993,138.3923,2.177,MEDIO
0.6261,0.4476,0.5764,10.6869,97.0364,2.3085,MEDIO
0.5453,0.5544,0.4661,7.1281,97.3419,2.3119,BAJO
0.562,0.5774,0.6451,8.1564,136.2545,3.2839,MEDIO
0.5509,0.8935,0.8095,2.9773,115.1859,2.7493,ALTO
0.5138,0.6049,0.7644,6.7931,125.3152,3.0362,MEDIO
0.7201,0.4546,0.8331,4.9802,116.864,1.8211,ALTO
0.8431,0.792,0.8166,8.9396,121.2099,2.1277,ALTO
0.461,0.6862,0.767,11.0528,134.6116,5.2199,BAJO
0.8205,0.7633,0.9134,5.205,129.1757,2.2766,ALTO
0.6153,0.5588,0.7914,7.4392,113.8471,2.7114,MEDIO
0.4859,0.5781,0.5324,4.9137,107.9607,2.4906,BAJO
0.7692,0.5392,0.4469,7.5938,109.8304,2.2775,MEDIO
0.6843,0.4611,1.0,3.0773,119.6496,1.7694,ALTO
0.6813,0.6161,0.5862,9.9932,108.2538,3.6157,MEDIO
0.7427,0.8027,0.8557,7.5208,150.8885,2.6843,ALTO
0.523,0.7055,0.4951,10.7086,124.0175,3.9318,BAJO
0.6573,0.4171,0.6587,13.5973,107.6282,3.1743,BAJO
0.7003,0.6882,0.3978,5.0468,138.6501,1.6925,ALTO
0.4865,0.5289,0.4874,8.8148,88.838,6.1025,BAJO
0.8363,0.6876,0.6881,8.9712,145.6862,1.4889,ALTO
0.7694,0.6416,0.7082,7.8092,140.5898,1.0638,ALTO
0.6268,0.5024,0.6609,9.7933,143.9,1.7899,MEDIO
0.1671,0.6091,0.4851,13.4164,132.9691,2.5528,BAJO
0.581,0.6254,0.6441,11.1983,120.7084,4.5068,MEDIO
0.6571,0.7806,0.7973,6.8526,140.5099,1.9037,ALTO
0.803,0.6941,1.0,1.6218,125.7703,2.8844,ALTO
0.6193,0.5291,0.6668,12.7695,110.2069,3.234,MEDIO
0.683,0.5931,0.6179,7.4584,122.5372,3.705,MEDIO
0.6709,0.5213,0.4736,8.2544,138.9162,1.9909,MEDIO
0.5688,0.3889,0.8363,10.0151,106.8765,2.0094,MEDIO
0.7383,0.5756,0.6903,11.0442,103.7652,3.1592,MEDIO
0.5829,0.5599,0.5344,11.9039,115.2381,4.2568,BAJO
0.6912,0.6058,0.4629,9.7888,132.1342,2.381,MEDIO
0.6159,0.5584,0.4831,10.1992,106.4618,3.509,BAJO
0.6185,0.5472,0.6063,12.0373,121.0899,4.4246,BAJO
0.8191,0.8749,0.7596,3.7087,147.1834,0.3009,ALTO
0.5939,0.5476,0.4019,12.8875,137.1144,2.4096,MEDIO
0.6764,0.4183,0.6719,5.4962,122.1805,2.5039,MEDIO
0.7642,0.7201,0.5662,5.695,128.8983,1.1117,ALTO
0.596,0.6334,0.6007,9.286,128.6433,5.0726,MEDIO
0.8564,0.5781,0.7676,4.7648,129.8626,1.1333,ALTO
0.4287,0.579,0.4806,8.9344,125.1827,1.3674,MEDIO
0.8705,0.7582,0.7563,8.0814,148.9677,2.4278,ALTO
0.302,0.2298,0.6044,10.6605,126.1116,2.198,BAJO
0.5603,0.5442,0.6857,8.0031,96.9256,4.3336,MEDIO
0.6672,0.8048,0.7566,4.8464,112.1422,2.6286,MEDIO
1.0,0.7523,0.8159,7.3167,130.2321,0.0,ALTO
0.5975,0.4852,0.5652,5.2666,127.3673,2.1986,MEDIO
0.5469,0.551,0.6832,5.0953,128.2095,3.0035,MEDIO
0.5726,0.5546,0.8242,10.4298,151.2584,1.199,MEDIO
0.7121,0.7347,0.7287,4.0812,139.7318,2.2167,ALTO
0.3249,0.305,0.4913,14.0044,96.6189,6.0803,BAJO
0.6018,0.5864,0.5535,10.0561,105.8326,2.362,MEDIO
0.4323,0.6633,0.3078,7.9456,129.9195,2.6664,MEDIO
0.3794,0.2066,0.4331,12.3678,100.6727,2.2126,BAJO
0.5968,0.3315,0.6284,7.427,94.2976,4.1855,BAJO
0.6947,0.9372,0.786,2.6343,134.7702,3.5354,ALTO
0.3423,0.4965,0.3815,13.5265,99.1768,5.6071,BAJO
0.7173,0.6246,0.7321,1.6564,119.4816,1.9412,ALTO
0.7869,0.7026,0.7672,1.993,129.1101,0.514,ALTO
0.6724,0.615,0.5148,4.5948,105.8593,3.8918,MEDIO
0.668,0.5367,0.4733,11.7298,112.9852,2.6403,MEDIO
0.5723,0.4725,0.4243,10.9334,93.9364,5.0453,BAJO
0.6223,0.3931,0.6271,9.1799,102.6839,3.916,BAJO
0.9862,0.6477,0.7565,1.5958,112.0671,2.1707,ALTO
0.9367,0.3174,0.5228,7.388,112.5555,4.0473,MEDIO
0.4463,0.7765,0.6716,9.6602,109.1873,3.8074,BAJO
0.3726,0.5819,0.7367,8.5961,128.56,2.1654,MEDIO
0.839,0.9048,0.694,2.4388,140.1315,0.0,ALTO
0.6012,0.6046,0.5857,5.114,132.6048,0.3738,MEDIO
0.7669,0.8288,0.9321,3.3028,159.5898,1.0116,ALTO
0.686,0.6031,0.4838,8.3089,129.8696,1.4975,MEDIO
0.7559,0.8178,0.9192,1.2857,139.6376,1.825,ALTO
0.3826,0.3395,0.6909,13.1174,119.42,3.6389,BAJO
0.5571,0.4619,0.6119,10.1725,127.2626,2.4633,MEDIO
0.5292,0.5357,0.5418,7.8187,116.4316,4.2138,BAJO
0.7017,0.5191,0.7544,9.8569,119.7437,3.2359,MEDIO
0.6796,0.8987,0.7165,4.8611,114.507,1.634,ALTO
0.6063,0.6773,0.3814,10.3889,134.2473,4.5231,MEDIO
0.7935,0.6286,0.7266,10.6546,128.7518,2.636,ALTO
0.4983,0.485,0.6102,6.9928,134.27,3.0327,MEDIO
0.6233,0.5199,0.6269,12.4094,125.2991,3.2259,BAJO
0.4975,0.5831,0.5185,11.7327,110.1209,3.8075,BAJO
0.4679,0.6202,0.5847,5.727,136.6292,3.173,MEDIO
0.607,0.579,0.7163,7.1674,80.5715,1.76,MEDIO
0.5311,0.3135,0.5202,9.0921,138.7811,4.8326,MEDIO
0.6361,0.4456,0.5572,4.8589,109.7471,3.2634,MEDIO
0.6994,0.5046,0.7297,8.2058,123.0963,4.6175,MEDIO
0.9629,0.8112,0.733,4.1067,137.0768,3.3873,ALTO
0.5286,0.5457,0.7489,10.4803,135.2881,5.3092,MEDIO
0.8284,0.8143,0.5195,1.4908,119.6876,4.3249,ALTO
0.4003,0.643,0.6598,4.2095,92.767,2.7833,BAJO
0.6187,0.674,0.5998,12.1442,107.3961,3.4178,MEDIO
0.5436,0.7739,0.6453,8.8135,118.9139,0.4201,MEDIO
0.9168,0.9261,0.6683,0.5133,105.6125,1.1309,ALTO
0.5194,0.4649,0.3651,9.1246,121.7568,3.2749,BAJO
0.6887,0.6873,0.8855,9.5523,111.0424,2.1182,MEDIO
0.5853,0.8173,0.7161,6.3637,134.1426,0.0502,ALTO
0.6064,0.6567,0.7862,4.7517,118.0234,2.2809,MEDIO
0.8136,0.6795,0.7467,10.1406,148.7987,3.4827,ALTO
0.6448,0.4729,0.7428,11.5175,119.8866,1.194,MEDIO
0.9086,0.9124,0.6563,3.9263,131.5787,2.3886,ALTO
0.4016,0.3475,0.5464,11.777,104.6277,4.6544,BAJO
0.7839,0.3648,0.8115,10.5677,97.6924,3.9795,BAJO
0.3988,0.5263,0.6119,9.0272,114.5132,5.0738,BAJO
0.5201,0.2403,0.8046,4.5229,126.576,2.8197,MEDIO
0.6825,0.5901,0.57,6.1684,138.5029,1.9175,MEDIO
0.6788,0.835,0.361,7.4621,108.6478,3.8291,MEDIO
0.4585,0.3948,0.6006,8.3478,86.3624,4.9485,BAJO
0.4588,0.4941,0.6012,1.5719,134.9324,2.7935,MEDIO
0.2941,0.4432,0.7216,15.0577,113.1661,5.8797,BAJO
0.2693,0.2733,0.5898,10.874,115.0275,1.9538,BAJO
0.7978,0.7948,0.8937,6.8521,122.6459,2.5498,ALTO
0.6997,0.4947,0.7388,9.4116,96.0719,3.3236,MEDIO
0.6156,0.674,0.5579,7.4909,130.6381,2.188,MEDIO
0.4861,0.3988,0.383,10.1701,115.1696,0.6599,BAJO
0.517,0.7713,0.6609,12.7814,127.4666,4.1078,MEDIO
0.34,0.5282,0.3298,11.6229,109.5006,3.1643,BAJO
0.6139,0.5429,0.7791,6.8862,116.0698,5.1147,MEDIO
0.4925,0.4187,0.5752,9.176,114.3712,4.5148,MEDIO
0.5998,0.5527,0.6408,7.1897,112.9712,1.6856,MEDIO
0.5861,0.4453,0.627,9.0794,105.8439,0.9257,MEDIO
0.6268,0.5102,0.6924,8.941,119.1372,3.42,MEDIO
0.6661,0.8179,0.6113,10.8319,107.0432,3.5711,ALTO
0.4943,0.5612,0.8242,8.1999,118.9347,2.2901,MEDIO
0.7174,0.3744,0.8311,4.7969,151.1054,3.1448,ALTO
0.6673,0.4068,0.6049,3.2309,131.1389,2.8103,MEDIO
0.6503,0.7263,0.5676,5.7084,124.9737,3.9787,ALTO
0.6864,0.5831,0.7956,4.0228,143.3172,3.8434,ALTO
0.3383,0.3427,0.1722,11.798,88.8815,2.9985,BAJO
0.7638,0.8057,0.7345,7.2684,160.2673,0.6702,ALTO
0.6189,0.5079,0.721,8.0985,113.6223,5.1381,MEDIO
0.5343,0.7292,0.5777,11.84,152.5703,3.4695,MEDIO
0.5392,0.37,0.6094,12.81,137.0334,2.6121,BAJO
0.3831,0.6292,0.5863,14.2037,91.1136,1.3544,BAJO
0.5031,0.4255,0.4505,12.9424,131.0009,4.1517,BAJO
0.637,0.6382,0.8048,9.2976,121.1366,0.8755,MEDIO
0.3889,0.545,0.357,10.8359,99.0745,3.8278,BAJO
0.5094,0.5862,0.6318,7.6983,118.7912,3.7028,MEDIO
0.5783,0.6256,0.4398,5.686,108.9529,2.3005,BAJO
0.5797,0.4641,0.5925,9.8103,120.9672,4.7996,MEDIO
0.497,0.6935,0.5353,8.9028,97.6912,5.9045,BAJO
0.6301,0.76,0.6446,3.2529,129.1301,1.5019,ALTO
0.8459,0.6408,0.7573,6.9778,146.1521,0.7014,ALTO
0.6981,0.584,0.6806,3.7086,130.6024,2.6878,MEDIO
0.7584,0.8088,0.8256,1.9623,120.9142,4.0246,ALTO
0.722,0.5801,0.6631,5.8063,124.8603,2.6422,MEDIO
0.7233,0.5478,0.6532,8.1349,97.0363,4.084,BAJO
0.5849,0.536,0.5914,7.2142,101.5024,2.5194,MEDIO
0.5811,0.6503,0.581,7.2098,114.2063,2.7699,MEDIO
0.3814,0.5271,0.5336,11.2068,125.9174,2.0283,MEDIO
0.5687,0.6959,0.6071,10.8967,121.2231,3.3128,MEDIO
0.7805,0.812,0.6578,4.948,131.7216,2.2094,ALTO
0.7662,0.7821,0.8647,1.7325,128.5084,2.517,ALTO
0.2677,0.8053,0.6695,5.6882,110.9808,4.6123,BAJO
0.8903,0.7806,0.8377,5.4806,155.4294,0.787,ALTO
0.6164,0.6025,0.3876,12.4358,103.0537,1.2122,BAJO
0.3562,0.5225,0.5524,13.8529,109.6687,4.3618,BAJO
0.7819,0.7939,0.6212,9.6859,123.36,2.5899,ALTO
0.5762,0.6239,0.4233,14.8716,120.6546,3.8494,BAJO
0.4903,0.6406,0.7861,7.6377,107.9929,2.9687,BAJO
0.5337,0.6497,0.5303,16.7413,119.3631,6.2759,BAJO
0.3572,0.427,0.6473,9.8215,131.3298,3.8902,BAJO
0.4203,0.4118,0.5278,14.8042,120.7164,4.1654,BAJO
0.5293,0.5171,0.5671,11.2619,117.639,2.3914,MEDIO
0.4616,0.502,0.5491,3.9102,109.4357,1.2209,MEDIO
0.6379,0.3489,0.7199,5.4136,160.3905,3.2021,ALTO
0.8756,0.8941,0.8725,1.816,115.0847,2.0416,ALTO
0.8057,0.5322,0.6775,1.7259,137.3486,1.0351,MEDIO
0.4911,0.4401,0.7055,14.7282,110.2308,4.347,BAJO
0.4801,0.4751,0.6558,12.2974,123.1825,2.1699,BAJO
0.4633,0.68,0.4677,7.2715,122.6006,2.0661,MEDIO
0.602,0.4807,0.4091,10.8037,110.8351,2.0622,BAJO
0.5888,0.4445,0.4203,12.3159,124.9598,3.3949,BAJO
0.5642,0.6361,0.5914,8.295,125.2723,2.4468,BAJO
0.7231,0.4286,0.5259,9.9321,151.774,2.8478,MEDIO
0.586,0.4984,0.6822,8.048,132.8954,2.0603,MEDIO
0.7864,0.7367,0.7313,6.706,136.3264,1.654,ALTO
0.6227,0.6165,0.6505,12.3926,121.4034,4.6321,BAJO
0.4854,0.3781,0.5256,12.1025,136.8795,4.0934,MEDIO
0.8679,0.4586,0.6156,9.5603,104.51,2.6796,MEDIO
0.3666,0.4736,0.443,10.9721,106.9171,4.3056,BAJO
0.3362,0.476,0.6197,8.3077,77.1347,6.0882,BAJO
0.4545,0.7379,0.4075,11.5453,124.1666,3.7921,BAJO
0.9263,0.608,0.7955,1.1165,143.3242,1.8659,ALTO
0.6773,0.5459,0.595,10.02,104.3406,3.6827,MEDIO
0.5563,0.757,0.7288,9.8387,141.1581,2.5501,MEDIO
0.2627,0.6137,0.4114,10.5601,90.8401,5.0836,BAJO
0.7937,0.5111,0.6634,5.5005,117.7312,1.9231,MEDIO
0.6445,0.5068,0.5978,13.7418,121.5023,0.9996,MEDIO
0.6727,0.5678,0.7186,9.7176,136.3977,3.9155,MEDIO
0.6087,0.5362,0.6377,4.4999,108.1472,3.1392,MEDIO
0.6693,0.5123,0.8669,9.982,124.6162,2.4062,ALTO
0.5086,0.5089,0.5493,8.8443,121.3003,5.0909,MEDIO
0.5648,0.8203,0.6547,2.225,129.9603,1.7491,ALTO
0.7138,0.5514,0.7189,6.6246,137.7258,0.0,MEDIO
0.4415,0.7547,0.664,6.3518,128.06,2.295,MEDIO
0.551,0.426,0.4672,11.3122,103.7589,1.8988,BAJO
0.6573,0.6148,0.6199,6.505,141.8195,3.4596,MEDIO
0.7978,0.8807,0.7037,7.9973,124.544,1.2304,ALTO
0.5294,0.5015,0.5393,11.848,105.2366,5.1852,BAJO
0.6461,0.6136,0.717,0.0,143.2426,3.4931,ALTO
0.6865,0.6089,0.6014,10.9968,104.2516,2.4443,MEDIO
0.7185,0.5937,0.6545,6.8553,125.6357,1.7308,MEDIO
0.6816,0.5961,0.7489,13.5029,103.8734,4.0467,MEDIO
0.6881,0.5043,0.6146,10.7516,150.5367,4.5703,BAJO
0.7523,0.8593,1.0,6.4382,164.9777,0.0,ALTO
0.4788,0.2655,0.4894,9.8965,105.6326,4.5316,BAJO
0.7331,0.5136,0.7792,4.8888,130.5436,0.0,ALTO
0.6651,0.5953,0.7026,3.8005,133.5487,0.6585,MEDIO
0.5502,0.6553,0.8503,5.542,119.7111,3.5462,MEDIO
0.3053,0.2567,0.4087,15.2303,109.5947,7.6514,BAJO
0.4395,0.3675,0.5493,11.0784,107.7013,3.8048,BAJO
0.4747,0.3711,0.5163,6.8446,90.8188,2.1354,BAJO
0.4577,0.7931,0.6882,5.616,124.1076,2.1533,MEDIO
0.6365,0.489,0.6144,10.284,120.2799,2.7685,BAJO
0.442,0.2936,0.4046,11.0158,112.8643,3.2909,BAJO
0.6248,0.5291,0.5037,9.8622,110.5875,2.6244,BAJO
0.7214,0.7168,0.7218,13.1656,107.0271,3.1504,MEDIO
0.624,0.5563,0.6572,6.2374,130.0877,3.5298,MEDIO
0.7424,0.7947,0.6613,0.0,143.2692,0.8679,ALTO
0.5601,0.6541,0.6578,8.3082,131.3016,2.7308,MEDIO
0.4864,0.5975,0.4211,11.3753,117.9567,3.0187,BAJO
0.4419,0.5239,0.5973,10.4432,106.6814,3.4628,BAJO
0.5733,0.5837,0.7462,2.4289,133.1946,1.1434,ALTO
0.5402,0.6431,0.6881,11.098,90.1336,2.1108,MEDIO
0.4752,0.3239,0.7501,10.9589,141.8005,4.4812,BAJO
0.6411,0.4731,0.4879,10.2182,119.9181,2.9657,BAJO
0.5614,0.6868,0.6148,11.3855,143.8391,1.5798,MEDIO
0.8254,0.7853,0.796,3.9954,108.9551,3.8258,ALTO
0.9126,0.8755,0.7559,3.5478,121.1459,1.3716,ALTO
0.7026,0.4051,0.5861,9.3064,128.8732,0.7727,MEDIO
0.5515,0.4279,0.5774,11.5641,123.4431,2.5584,MEDIO
0.4083,0.4342,0.5936,11.8798,118.3115,2.5877,BAJO
0.3827,0.4265,0.3249,13.0343,110.4451,4.9333,BAJO
0.6017,0.5099,0.7555,1.7027,116.0888,1.7872,ALTO
0.3946,0.6307,0.521,6.4909,103.2903,2.1871,MEDIO
0.4338,0.7635,0.7262,6.8465,119.1808,3.1093,MEDIO
0.9042,0.7686,0.7976,8.6421,110.6741,0.0471,ALTO
0.6372,0.6198,0.8459,11.2486,99.3476,4.5248,MEDIO
0.6413,0.5436,0.7732,3.7234,119.9959,2.959,ALTO
0.6713,0.4148,0.613,7.3765,127.6777,1.7519,MEDIO
0.3642,0.4165,0.5094,9.3691,146.1429,3.2882,BAJO
0.5183,0.2776,0.5555,13.098,125.1185,4.922,MEDIO
0.7166,0.5841,0.6024,4.094,138.4216,3.0997,MEDIO
0.6764,0.7273,0.8403,0.1536,135.4523,3.9433,ALTO
0.3466,0.4147,0.4622,9.6386,120.0347,6.7834,BAJO
0.5996,0.6551,0.899,0.3026,158.7596,2.3461,ALTO
0.6117,0.6608,0.6643,11.4175,90.8992,3.2189,MEDIO
0.7105,0.919,0.6717,7.8754,119.5708,1.0216,ALTO
0.4769,0.7201,0.8606,10.7957,116.7896,0.021,MEDIO
0.7158,0.441,0.412,9.6104,121.8176,5.4711,MEDIO
0.4345,0.6593,0.6224,9.2519,103.0329,2.6934,BAJO
0.6733,0.8587,0.5608,7.6525,137.7802,3.0635,ALTO
0.3417,0.2041,0.7142,8.2609,116.8214,5.3228,BAJO
0.363,0.6636,0.3236,13.4309,121.7591,2.6248,MEDIO
0.5384,0.514,0.4447,9.1666,129.8702,1.8752,MEDIO
0.9031,0.7479,0.7522,1.218,158.9864,2.9701,ALTO
0.6589,0.4743,0.7096,10.3334,112.6686,3.4395,MEDIO
0.6089,0.6826,0.7797,6.6208,130.7748,1.6698,MEDIO
0.5151,0.4775,0.6595,9.6981,110.5684,1.4368,MEDIO
0.5805,0.4919,0.6821,8.7682,100.1786,3.2792,MEDIO
0.6679,0.6732,0.6221,8.4555,145.7606,4.5153,ALTO
0.5707,0.5702,0.6261,7.7065,103.5616,4.1158,BAJO
0.5846,0.6002,0.7786,6.6231,125.2436,3.4433,ALTO
0.3964,0.3737,0.4303,12.9162,112.7588,6.2936,BAJO
0.6029,0.6748,0.528,5.8906,135.7154,4.5556,MEDIO
0.6763,0.8181,0.7621,8.1369,102.6383,2.4602,ALTO
0.717,0.7216,0.7122,9.7037,132.3135,6.095,ALTO
0.958,0.759,0.7385,3.4252,127.281,1.6029,ALTO
0.6795,0.7696,0.7936,7.359,115.2128,3.6485,ALTO
0.5876,0.6935,0.5907,6.3224,114.8905,2.4952,MEDIO
0.5522,0.8609,0.5741,5.507,128.68,4.5365,MEDIO
0.4694,0.6921,0.6168,7.8677,125.4647,3.0587,BAJO
0.5126,0.4235,0.5113,11.8345,104.8644,4.7986,BAJO
0.6127,0.4469,0.7829,10.3335,100.3641,5.9432,MEDIO
0.566,0.5725,0.6774,8.2842,104.8335,3.8788,MEDIO
0.8849,0.7293,0.7505,6.3607,144.1846,1.8729,ALTO
0.6563,0.7102,0.7329,4.2642,105.0173,1.5054,MEDIO
0.3932,0.4104,0.6543,9.421,110.0684,3.9194,BAJO
0.4715,0.5882,0.5713,16.3314,145.5743,3.0506,BAJO
0.5974,0.3931,0.6841,3.5587,123.8909,4.1286,MEDIO
0.7898,0.47,0.5233,4.976,136.4747,3.1583,ALTO
0.6601,0.5497,0.307,5.9151,101.8767,2.8937,MEDIO
0.644,0.5411,0.8217,6.3512,105.8578,4.3455,MEDIO
0.5237,0.4123,0.6538,7.5352,128.9456,4.8491,ALTO
0.6756,0.5854,0.6869,8.0618,120.9283,2.4126,MEDIO
0.455,0.3254,0.5466,12.981,122.5471,5.0375,BAJO
0.8272,0.7607,1.0,0.6663,134.4721,0.7292,ALTO
0.5027,0.3943,0.6777,9.4765,160.9113,3.6095,MEDIO
0.6743,0.6059,0.8094,6.2415,118.8342,0.9053,MEDIO
0.6721,0.5606,0.4899,10.935,122.328,2.5918,MEDIO
0.5092,0.7056,0.5202,15.112,106.596,2.8849,BAJO
0.8357,0.7499,0.3175,10.7575,133.2863,1.1801,ALTO
0.7061,0.6356,0.7189,4.8696,128.9202,3.3387,ALTO
0.5246,0.6667,0.794,6.8391,110.4238,3.6731,MEDIO
0.7338,0.6787,0.8617,6.061,124.719,1.9128,ALTO
0.8364,0.7993,0.8353,3.2855,151.9649,0.0,ALTO
0.5945,0.6742,0.6341,8.6802,141.2386,2.2974,ALTO
0.6258,0.938,0.7199,0.0,114.399,0.0,ALTO
0.4932,0.3618,0.5324,9.5083,114.5073,2.1008,BAJO
0.7744,0.6742,0.7052,4.2378,155.6755,3.6032,ALTO
0.4536,0.678,0.5471,6.8691,121.6167,0.0,MEDIO
0.3769,0.5287,0.7723,13.5969,118.4899,2.4523,BAJO
0.6733,0.4908,0.4852,4.3854,136.7429,3.7031,MEDIO
0.6274,0.4794,0.6457,7.7133,105.4634,1.6138,MEDIO
0.5162,0.6882,0.3903,10.475,106.6392,2.019,BAJO
0.5879,0.5382,0.6947,7.6654,119.2302,4.8964,MEDIO
0.5332,0.4603,0.7035,1.7023,145.021,2.5431,MEDIO
0.6447,0.6955,0.576,11.9552,134.9292,4.0147,MEDIO
0.2631,0.4174,0.2997,13.1993,112.5646,5.4948,BAJO
0.7254,0.7526,0.7827,2.5796,132.4664,1.5385,ALTO
0.5991,0.4433,0.5275,8.1646,134.2179,4.6539,BAJO
0.4749,0.4888,0.5243,9.3011,111.3593,5.89,BAJO
0.3928,0.6245,0.7402,7.8805,119.3652,1.969,MEDIO
0.3424,0.351,0.6076,9.5466,130.7607,3.1696,BAJO
0.5715,0.3335,0.6279,8.0612,140.1696,3.3694,MEDIO
0.5208,0.4331,0.4943,11.926,113.4675,3.0787,BAJO
0.4626,0.5146,0.4622,11.3733,109.5158,4.6781,BAJO
0.5424,0.5834,0.6686,11.2991,143.5177,2.7111,MEDIO
0.8242,0.8854,1.0,2.5418,157.1685,3.2767,ALTO
0.739,0.8138,0.6658,4.0052,119.4754,3.4291,MEDIO
0.7315,0.7437,0.771,1.4415,113.9124,3.4594,MEDIO
0.7296,0.6208,0.4865,15.1269,134.8389,1.8457,MEDIO
0.6829,0.6353,0.3078,9.7729,97.6741,1.8602,MEDIO
0.6313,0.6362,0.5689,5.3015,99.6291,1.6592,ALTO
0.6007,0.3574,0.8347,14.4902,111.0626,5.0575,BAJO
0.5525,0.4155,0.6484,12.9887,116.916,2.1618,BAJO
0.6958,0.51,0.8947,2.4395,110.8807,1.013,ALTO
0.8573,0.6864,0.6849,3.4572,131.3097,0.5806,ALTO
0.5056,0.6264,0.3508,7.7222,123.4007,6.0588,BAJO
0.4634,0.2812,0.3746,8.3845,102.0909,3.8379,BAJO
0.6903,0.5679,0.6378,8.7371,145.8107,3.7931,ALTO
0.4667,0.3275,0.5083,13.8189,113.139,2.8973,BAJO
0.5636,0.4632,0.6261,4.3519,135.8789,3.9528,MEDIO
0.4394,0.5382,0.5827,8.3949,100.1657,0.5888,MEDIO
0.3194,0.4202,0.7037,12.0898,95.6431,2.0047,BAJO
0.8463,0.692,0.5847,8.7191,127.6456,1.821,ALTO
0.6751,0.6129,0.6964,6.9911,149.1952,2.7709,ALTO
0.5607,0.7198,0.6677,5.7963,106.6043,1.7348,MEDIO
0.4979,0.4072,0.4606,13.5331,111.0198,5.7933,BAJO
0.4642,0.5121,0.4924,5.7131,99.0973,3.7228,MEDIO
0.6052,0.8693,0.6097,7.8686,112.0781,1.7145,ALTO
0.6705,0.5522,0.992,4.3248,134.9788,2.6085,ALTO
0.4119,0.7231,0.7238,11.9771,109.6331,2.6911,MEDIO
0.4295,0.8566,0.7927,5.283,104.8055,1.7002,MEDIO
0.521,0.7792,0.613,4.6844,107.2193,3.1367,ALTO
0.6832,0.5276,0.4328,5.3944,90.1977,0.2119,MEDIO
0.6173,0.8911,0.8595,6.5252,135.4635,2.6986,ALTO
0.7877,0.6764,0.8422,4.0642,137.6553,0.9549,ALTO
0.8532,0.6468,0.7697,2.43,139.0728,0.7884,ALTO
0.6482,0.5895,0.621,5.0198,109.7404,4.7674,MEDIO
0.8076,0.7486,0.6599,4.1802,151.7257,0.2625,ALTO
0.5403,0.4058,0.6619,6.8287,124.0338,4.5869,MEDIO
0.7883,0.9542,0.9644,0.1378,136.8623,1.2641,ALTO
0.8112,0.5737,0.6149,8.7264,123.1646,2.6382,ALTO
0.9481,0.7278,0.6605,4.4103,120.8584,1.3683,ALTO
0.7157,0.3743,0.7342,11.6394,119.0916,2.8415,MEDIO
0.4574,0.6831,0.6266,5.1432,149.3482,3.9075,BAJO
0.7079,0.595,0.9663,4.6367,147.3146,2.6701,ALTO
0.4734,0.3264,0.502,11.423,106.2203,3.3201,BAJO
0.6267,0.559,0.559,12.4089,125.3907,1.8272,BAJO
0.1682,0.4971,0.418,17.1932,85.2385,4.1947,BAJO
0.3867,0.6267,0.5575,11.8149,128.0221,4.2131,BAJO
0.6446,0.568,0.6728,8.6167,100.2138,5.0331,MEDIO
0.5102,0.5506,0.7026,6.1365,127.1191,3.7505,MEDIO
0.6792,0.7781,0.9585,4.7841,179.9946,0.0,ALTO
0.6685,0.8711,0.8079,7.6212,125.1527,2.1947,ALTO
0.4757,0.367,0.4273,15.0314,149.0546,5.7552,BAJO
0.5685,0.7538,0.6727,6.8792,130.7111,2.5896,MEDIO
0.7107,0.8301,0.6475,8.1938,114.8845,4.4782,ALTO
0.4514,0.4483,0.7589,11.1174,104.7206,1.6667,MEDIO
0.4266,0.5213,0.7545,8.201,154.546,3.5365,ALTO
0.7798,0.5504,0.636,8.0712,128.4062,1.4513,ALTO
0.4869,0.263,0.3813,11.9221,99.5897,5.3828,BAJO
0.4432,0.4219,0.7004,8.7314,107.4483,4.57,BAJO
0.558,0.7722,0.6527,5.9617,126.6436,4.8484,MEDIO
0.7644,0.4688,0.6144,6.1045,119.7054,3.3928,MEDIO
0.5794,0.6822,0.7327,5.7247,118.0574,3.082,MEDIO
0.6297,0.4515,0.4834,10.6455,137.899,3.0595,BAJO
0.5219,0.8469,0.574,8.3676,102.0067,2.6902,MEDIO
0.6999,0.5977,0.6788,8.0653,135.6909,1.4836,ALTO
0.6299,0.5638,0.4586,11.8474,117.3109,4.5468,BAJO
0.7177,0.6467,0.814,7.7201,125.3798,2.8931,MEDIO
0.5066,0.4299,0.4635,13.8403,128.6222,1.792,BAJO
0.5536,0.779,0.5719,5.7173,99.5699,2.7664,MEDIO
0.5983,0.6124,0.5033,5.2801,81.9614,3.3005,MEDIO
0.5183,0.7817,0.6082,9.2755,127.1486,1.4426,ALTO
0.5691,0.3417,0.4462,13.9592,110.4761,4.1349,BAJO
0.8448,0.876,0.8355,7.5749,115.632,2.8283,ALTO
0.3834,0.2891,0.4381,13.8367,80.2345,5.5055,BAJO
0.836,0.6027,0.7917,0.0,161.1425,2.891,ALTO
0.5657,0.6296,0.9041,9.0095,126.4197,1.9762,MEDIO
0.5846,0.6771,0.6553,8.3521,123.9012,2.4323,MEDIO
0.8035,0.7376,0.82,8.2543,161.7682,0.7711,ALTO
0.7546,0.771,0.7871,9.9401,140.8877,2.3877,ALTO
0.4583,0.623,0.542,12.553,138.3746,3.96,BAJO
0.5983,0.8386,0.7101,5.1461,107.0254,3.4685,ALTO
0.7848,0.6372,0.8032,0.7467,117.0816,2.7112,ALTO
0.4358,0.6856,0.5578,11.9365,120.4681,4.526,BAJO
0.9974,1.0,0.7564,0.7509,142.6789,0.0,ALTO
0.6725,0.5846,0.5995,11.257,140.2196,0.9616,ALTO
0.548,0.334,0.58,4.7438,91.8949,3.9087,BAJO
0.394,0.3213,0.3028,12.0406,121.6639,5.481,BAJO
0.6498,0.5082,0.7734,9.6777,131.3788,3.0773,MEDIO
0.3096,0.6373,0.6835,12.6386,116.1348,2.9196,MEDIO
0.4779,0.5483,0.5997,6.8028,109.6722,5.7229,MEDIO
0.6489,0.4845,0.6724,3.3484,124.27,3.7155,MEDIO
0.5163,0.3902,0.6425,9.5334,98.8484,4.093,BAJO
0.4085,0.5023,0.5374,4.9705,121.0336,0.8425,ALTO
0.5534,0.6771,0.7074,11.8052,102.1528,3.1211,BAJO
0.5372,0.5113,0.5086,7.7448,102.76,4.2911,BAJO
0.5218,0.8202,0.8565,10.2956,112.8104,3.7891,MEDIO
0.6522,0.7067,0.6323,3.8625,114.8992,1.7764,MEDIO
0.4078,0.7023,0.7333,9.3614,108.6855,2.7656,MEDIO
0.2106,0.4855,0.5313,3.9817,94.4257,2.827,BAJO
0.5037,0.4658,0.8892,13.5894,148.2902,4.731,BAJO
0.6198,0.4746,0.5551,7.9973,111.3682,3.9938,BAJO
0.1189,0.2971,0.646,3.5877,114.2256,3.3394,BAJO
0.4715,0.6742,0.6654,7.042,91.2589,1.7995,BAJO
0.4523,0.6027,0.7234,4.42,143.3934,2.6897,MEDIO
0.633,0.7704,0.7022,5.0318,126.1902,1.7947,ALTO
0.7807,0.5828,0.5197,7.8473,110.6857,2.6231,MEDIO
0.6475,0.6246,0.3829,4.7487,118.3918,0.9465,MEDIO
0.4734,0.3391,0.6508,8.525,123.3271,2.6221,MEDIO
0.5792,0.5278,0.4709,7.5225,68.5419,3.9672,BAJO
0.5691,0.5359,0.7325,11.1045,105.0311,2.8199,BAJO
0.7398,0.8618,0.8061,7.7042,129.8048,4.4372,ALTO
0.7134,0.5171,0.7762,7.1496,118.484,3.4444,MEDIO
0.6151,0.6386,0.6872,8.8991,152.7744,1.807,ALTO
0.7994,0.9598,0.4811,1.3022,127.0476,0.0,ALTO
0.5478,0.594,0.6642,9.1677,130.8605,3.631,MEDIO
0.8024,0.9193,0.791,3.3509,163.3279,0.4197,ALTO
0.6367,0.6081,0.7068,8.9512,124.3825,4.9303,MEDIO
0.4451,0.7223,0.5912,11.8791,100.839,4.1646,BAJO
0.7093,0.6192,0.6744,9.5044,99.1126,0.7342,MEDIO
0.454,0.6519,0.564,6.034,127.6517,1.9374,ALTO
0.6592,0.5001,0.435,13.5148,135.9358,2.8563,BAJO
0.8908,0.7228,0.7806,2.1694,145.1019,1.4012,ALTO
0.5261,0.4714,0.4403,11.9679,139.4254,1.3739,BAJO
0.7021,0.7987,0.5959,8.2106,160.2052,2.6498,MEDIO
0.4729,0.4142,0.404,14.7401,127.1969,1.7635,BAJO
0.5338,0.623,0.3959,12.8847,98.3216,3.441,BAJO
0.6575,0.7507,0.7329,6.2687,128.3089,2.3853,ALTO
0.3926,0.5287,0.5203,10.5375,124.7211,6.1584,BAJO
0.5684,0.4045,0.5057,9.2472,105.8632,4.2433,BAJO
0.6233,0.4643,0.5377,10.3149,138.6147,2.1729,MEDIO
0.625,0.7803,0.6399,5.2183,129.3309,3.3984,MEDIO
0.4376,0.5136,0.5466,7.6072,120.6836,3.0317,BAJO
0.6709,0.4788,0.5641,9.4464,117.4284,3.4205,BAJO
0.6352,0.8372,0.6153,8.2845,121.5291,2.1573,ALTO
0.6676,0.6272,0.5675,7.2358,132.896,1.8085,ALTO
0.5891,0.2975,0.5487,9.6256,82.5887,3.4268,BAJO
0.7654,0.6372,0.6249,9.0866,118.7937,2.597,MEDIO
0.5051,0.7269,0.6448,10.1059,99.579,4.0243,MEDIO
0.6208,0.4147,0.8133,9.1435,120.8697,1.4665,MEDIO
0.4785,0.6509,0.5791,12.9618,100.7004,3.0123,BAJO
0.5619,0.4777,0.7159,7.9589,133.7742,3.2949,MEDIO
0.7192,0.6125,0.3683,8.0628,132.88,2.0294,MEDIO
0.5889,0.399,0.4653,15.6003,118.6879,2.0503,MEDIO
0.4551,0.7058,0.6251,10.7049,90.0416,4.4963,BAJO
0.6031,0.5444,0.6234,11.7392,112.7346,3.3103,BAJO
0.6985,0.5145,0.8488,6.8915,100.6867,2.6292,MEDIO
0.5164,0.4721,0.7461,5.1379,110.5512,4.209,BAJO
0.6014,0.5664,0.6231,5.7713,125.5634,3.9781,MEDIO
0.4476,0.4132,0.408,14.1171,117.521,4.4541,BAJO
0.6061,0.6061,0.472,11.0808,122.7103,1.929,MEDIO
0.6257,0.6979,0.6634,6.7652,145.6792,1.2071,MEDIO
0.6009,0.4909,0.6405,9.56,128.6358,2.9328,MEDIO
0.5541,0.5379,0.5422,9.5263,114.9101,3.1399,MEDIO
0.546,0.6922,0.5361,5.5404,133.6176,2.0316,MEDIO
0.343,0.4181,0.5868,11.9501,125.129,2.7476,BAJO
0.8503,0.8463,0.9758,4.5981,125.0322,2.1219,ALTO
0.8644,0.8124,0.9294,1.4646,141.7438,0.7301,ALTO
0.4688,0.58,0.5982,9.1088,116.1398,3.6284,MEDIO
0.8138,0.9709,0.9498,2.9443,108.3162,1.9128,ALTO
0.4988,0.2992,0.5947,8.3374,119.6512,3.1625,BAJO
0.4743,0.3728,0.4941,10.935,89.8999,5.1671,BAJO
0.3985,0.6703,0.5392,13.862,117.794,3.7176,BAJO
0.4241,0.7974,0.5754,12.5337,95.0567,3.4161,BAJO
0.8959,1.0,0.9074,3.238,126.8768,0.0,ALTO
0.3978,0.5667,0.6091,9.116,110.4057,2.0238,BAJO
0.4734,0.5569,0.4516,6.5557,129.1181,2.6218,BAJO
0.459,0.5981,0.4421,15.1654,103.8063,3.3573,BAJO
0.7096,0.871,0.7661,8.1639,113.051,1.9804,ALTO
0.7342,0.7348,0.7667,7.7571,132.584,2.1601,ALTO
0.7132,0.6554,0.5364,3.3365,111.817,3.6829,MEDIO
0.2118,0.4498,0.306,13.1062,114.7025,3.8318,BAJO
0.563,0.5366,0.6571,10.7621,94.9939,4.7517,BAJO
0.5168,0.656,0.9081,5.7389,136.4259,3.4264,ALTO
0.8228,0.6213,0.4542,5.2895,160.3202,1.8502,ALTO
0.3817,0.531,0.7831,7.4588,116.1016,2.063,MEDIO
1.0,0.6375,0.7765,5.1943,137.3124,0.3714,ALTO
0.7726,0.5887,0.8318,1.2068,111.4526,1.1905,ALTO
0.7303,0.5328,0.7497,6.791,106.4166,2.3181,ALTO
0.7101,0.5549,0.8116,8.8164,125.4731,0.8918,MEDIO
0.4826,0.5418,0.681,13.3365,109.3836,1.7334,BAJO
0.5242,0.63,0.6207,11.1529,125.4686,4.3566,MEDIO
0.3378,0.4567,0.3152,14.914,112.6934,5.7731,BAJO
0.5128,0.4002,0.2387,12.1916,87.5607,6.149,BAJO
0.356,0.2928,0.556,16.645,119.219,4.7565,BAJO
0.6282,0.815,0.882,0.8054,110.1704,0.7387,ALTO
0.4778,0.4123,0.3735,17.6604,94.9318,3.8303,BAJO
0.7169,0.7413,0.7772,9.1263,138.6063,0.0,ALTO
0.4775,0.4894,0.4841,11.3307,135.4592,1.7849,BAJO
0.8015,0.6811,0.7199,6.1016,119.0684,1.5933,ALTO
0.4847,0.4846,0.7104,9.071,118.0748,3.868,MEDIO
0.3662,0.3537,0.4939,11.6466,108.1534,6.6385,BAJO
0.9048,0.6894,0.7175,3.3527,139.1984,1.6166,ALTO
0.7302,0.8207,1.0,4.5709,147.7696,0.016,ALTO
0.4545,0.5456,0.3645,12.0433,105.6067,3.5945,BAJO
0.5389,0.7499,0.652,10.2228,130.798,2.876,MEDIO
0.5425,0.647,0.4096,15.9055,130.5842,3.1622,MEDIO
0.4698,0.8238,0.5899,8.8257,143.6814,3.4136,MEDIO
0.6532,0.6718,0.6478,3.9574,127.1291,1.3794,ALTO
0.5832,0.6213,0.6848,13.5786,118.3295,3.3776,MEDIO
0.1977,0.3365,0.4134,9.5552,96.9601,5.343,BAJO
0.7236,0.6327,0.5208,8.2093,93.1344,5.0978,MEDIO
0.8317,0.5816,0.6554,7.2038,120.8789,2.6131,ALTO
0.4851,0.3827,0.4734,9.9049,118.8713,4.3135,BAJO
0.437,0.7477,0.6623,5.1757,114.6859,2.6832,MEDIO
0.5152,0.3343,0.5628,8.5894,119.8258,3.404,MEDIO
0.3726,0.5809,0.6119,5.7953,92.9599,5.0407,BAJO
0.9004,0.6279,0.7482,6.364,128.1584,0.0,ALTO
0.4165,0.6116,0.4871,14.3288,138.1961,3.4815,BAJO
0.851,0.8253,0.8273,3.1274,139.3627,3.5542,ALTO
0.5112,0.6616,0.7441,10.8192,128.2665,2.6095,BAJO
0.6103,0.7729,0.8092,10.1437,126.6724,2.3396,MEDIO
0.6497,0.5136,0.5927,8.3234,107.6153,3.2663,MEDIO
0.5206,0.8344,0.7442,3.787,90.8005,3.3621,MEDIO
0.6237,0.6834,0.5708,5.3721,125.5348,4.176,MEDIO
0.6546,0.4215,0.5461,7.9601,79.3899,4.4624,MEDIO
0.5721,0.6338,0.7919,11.574,117.0828,2.6072,MEDIO
0.5101,0.6191,0.763,6.7733,122.7715,3.7554,MEDIO
0.6812,0.7879,0.7963,0.0346,130.7243,1.2923,ALTO
0.6892,0.4106,0.5245,7.9454,152.5936,3.6481,MEDIO
0.4224,0.4368,0.411,9.5905,129.2842,3.4637,BAJO
0.8402,0.5382,0.6525,6.6963,143.5953,3.8595,ALTO
0.5425,0.2503,0.802,6.1261,103.9709,3.346,MEDIO
0.6662,0.7591,0.9037,0.912,163.4881,0.0,ALTO
0.5059,0.6501,0.6728,5.5424,140.2101,3.4825,MEDIO
0.848,0.4281,0.4488,14.254,101.2115,3.3728,MEDIO
0.7329,0.2752,0.5988,12.3576,125.5062,1.7702,MEDIO
0.5431,0.4201,0.4971,6.9451,127.838,2.7402,MEDIO
0.6254,0.5684,0.6008,6.6324,110.3986,3.4117,MEDIO
0.5163,0.5815,0.8158,7.9317,126.6749,1.236,MEDIO
0.634,0.7563,0.6147,8.5898,132.8619,1.1966,ALTO
0.8837,0.86,0.9745,0.1421,110.6316,1.426,ALTO
0.6745,0.663,0.5169,8.2961,115.7376,2.4888,MEDIO
0.7573,0.9497,0.6663,1.4147,122.4733,0.2812,ALTO
0.4215,0.6912,0.7822,3.9786,128.4572,4.2351,MEDIO
0.359,0.2919,0.619,8.7059,92.4878,4.7022,BAJO
0.4022,0.4959,0.4617,10.2962,111.3751,4.667,BAJO
0.9817,0.871,0.8073,4.6796,111.3045,2.2524,ALTO
0.5661,0.527,0.6601,11.1658,102.0377,2.8619,MEDIO
0.4844,0.5072,0.6514,8.8043,103.3106,1.5593,MEDIO
0.5278,0.5995,0.4158,12.1809,110.2946,5.5133,BAJO
0.5728,0.3555,0.2858,9.4675,117.8129,4.4035,BAJO
0.3684,0.3698,0.445,8.338,117.6724,5.5143,BAJO
0.6913,0.5557,0.8781,6.5619,97.4186,3.6751,MEDIO
0.7146,0.6365,0.8277,10.3743,115.7575,2.4513,MEDIO
0.6588,0.6635,0.6315,9.9374,111.8284,0.0,MEDIO
0.547,0.7559,0.5408,6.992,129.5299,1.1483,MEDIO
0.4901,0.4289,0.6113,6.8189,111.5857,4.0382,BAJO
0.2522,0.313,0.5302,12.8469,105.641,4.1288,BAJO
0.4071,0.4928,0.5407,13.4514,95.3499,3.8371,BAJO
0.8734,0.7198,0.5355,6.0583,162.0749,0.0,ALTO
0.664,0.6701,1.0,2.6776,112.874,1.5188,ALTO
0.9549,0.4976,0.8822,3.0563,124.4478,0.396,ALTO
0.6049,0.5554,0.5315,11.9984,114.9097,2.6758,MEDIO
0.4024,0.7852,0.5369,7.1259,115.4599,3.8858,MEDIO
0.3121,0.3742,0.6566,9.0987,101.1829,2.4493,BAJO
0.3415,0.5802,0.551,14.9557,81.9428,3.0199,BAJO
0.6988,0.5203,0.5738,6.0379,104.1201,3.6612,MEDIO
0.84,0.5076,0.802,10.4465,116.2718,2.6953,MEDIO
0.8647,0.566,0.6882,4.4688,150.2095,1.652,ALTO
0.4873,0.367,0.5731,13.0444,143.502,5.513,BAJO
0.5371,0.5169,0.6745,8.7527,115.6367,1.6948,MEDIO
0.5443,0.722,0.7327,7.0874,105.0342,0.5066,ALTO
0.5687,0.7627,0.5988,8.985,124.8545,1.6266,MEDIO
0.5827,0.4181,0.7907,10.3614,105.5378,0.8934,MEDIO
0.6147,0.5714,0.472,6.2956,114.4514,2.9225,ALTO
0.8136,0.5184,0.5645,5.714,113.2127,1.3948,MEDIO
0.6099,0.4571,0.6477,12.503,113.9174,1.0152,BAJO
0.6654,0.533,0.4713,9.9832,108.4271,3.9484,MEDIO
0.3617,0.532,0.5203,7.8196,95.4794,4.3731,BAJO
0.7581,0.2417,0.6609,7.0944,99.4137,5.177,MEDIO
0.3795,0.4274,0.4514,17.2372,120.6344,5.3668,BAJO
0.6585,0.426,0.3949,7.0501,117.5575,1.9318,MEDIO
0.7801,0.6777,0.6495,11.7518,127.6284,2.4688,MEDIO
0.3864,0.6042,0.4932,12.819,75.3165,4.7567,BAJO
0.7141,0.6772,0.6511,7.9452,134.9301,2.0922,MEDIO
0.7771,0.6952,0.761,6.7235,115.688,2.3678,ALTO
0.3119,0.3294,0.4977,18.88,119.8301,3.1327,BAJO
0.4889,0.5699,0.5776,3.0156,118.9595,2.4157,BAJO
0.7846,0.8348,0.6398,4.6638,124.6687,1.8139,ALTO
0.6445,0.7068,0.6218,6.1375,99.4541,4.1538,MEDIO
0.5356,0.38,0.3661,12.4069,134.6808,5.9755,BAJO
0.7448,0.6869,0.6504,6.9875,136.0705,3.0649,ALTO
0.5035,0.3452,0.6285,9.4229,125.1772,3.6842,MEDIO
0.738,0.5705,0.7342,7.0089,150.9704,2.1732,MEDIO
0.2965,0.6063,0.6496,9.9322,116.4578,1.8439,MEDIO
0.5226,0.6905,0.5699,4.8376,138.0312,1.9715,ALTO
0.5658,0.545,0.7444,10.6397,107.6147,2.4573,MEDIO
0.7158,0.7767,0.699,10.1754,129.6475,3.5696,ALTO
0.5529,0.5941,0.5782,8.2216,105.1841,4.5298,MEDIO
0.7274,0.537,0.669,13.8589,109.8757,3.9683,BAJO
0.5568,0.3122,0.4271,14.8303,110.5688,5.37,BAJO
0.5973,0.8231,0.4208,9.2873,104.8514,2.5312,MEDIO
0.5995,0.7056,0.566,10.0524,125.2091,1.588,MEDIO
0.4577,0.6459,0.551,12.4211,100.9936,4.3353,BAJO
0.658,0.9679,0.7255,8.8196,98.6799,1.1345,ALTO
0.7406,0.4092,0.5869,12.937,110.9359,3.8326,BAJO
0.4934,0.4453,0.5365,10.0224,115.3835,2.3304,BAJO
0.7149,0.31,0.4652,4.7759,137.6726,2.0783,MEDIO
0.7113,0.7404,0.8185,7.3124,125.851,3.4082,ALTO
0.6919,0.7958,0.7085,6.8509,149.5847,0.9563,ALTO
0.5039,0.5713,0.5414,11.2539,124.0376,4.2989,BAJO
0.7028,0.5447,0.6416,5.4237,119.6708,0.3675,ALTO
0.6965,0.5918,0.7787,6.4086,119.1873,3.1451,ALTO
0.598,0.6669,0.7723,11.243,118.2319,2.3246,ALTO
0.5248,0.7312,0.5459,4.3336,129.4011,3.495,ALTO
0.8585,0.7554,0.8764,2.5694,130.2339,0.1455,ALTO
0.7191,0.7498,0.6729,2.8416,115.9797,0.4424,ALTO
0.6542,0.5276,0.5057,6.8231,115.4208,4.1868,MEDIO
0.6051,0.6711,0.5236,13.2402,120.28,3.0352,BAJO
0.8248,0.6643,0.5235,11.8341,104.0916,2.8397,MEDIO
0.6301,0.3602,0.3919,9.9731,117.2105,2.8304,MEDIO
0.3987,0.6539,0.609,12.2521,87.4706,4.9402,BAJO
0.407,0.5197,0.3882,13.6056,117.1297,5.2164,BAJO
0.361,0.485,0.5422,8.9513,113.6396,4.6131,BAJO
0.7687,0.835,0.8458,9.2158,159.0597,0.0,ALTO
0.3688,0.7297,0.6206,13.6227,97.4327,4.0934,BAJO
0.7777,0.5852,0.5649,4.3912,151.2346,0.0,MEDIO
0.6991,0.789,0.5576,4.9191,135.8456,1.757,ALTO
0.5823,0.5247,0.6818,7.7686,115.9599,1.3485,MEDIO
0.3079,0.5695,0.3256,10.177,101.0313,4.1034,BAJO
0.431,0.6057,0.6641,8.5017,103.4129,4.1411,MEDIO
1.0,0.6332,0.6405,4.2996,115.439,1.4169,ALTO
0.8049,0.6919,0.7727,3.3881,121.2041,0.9438,ALTO
0.5368,0.7477,0.8349,3.6293,103.2095,2.7743,MEDIO
0.516,0.4422,0.5994,16.9127,132.3755,4.0826,BAJO
0.724,0.4106,0.3108,11.313,89.3686,3.8617,BAJO
0.5663,0.4208,0.6367,11.6399,114.0164,3.8953,BAJO
0.4374,0.8059,0.9569,3.8758,135.9595,0.5022,ALTO
1.0,0.9829,1.0,0.0,137.7892,1.5169,ALTO
0.4173,0.3409,0.6945,7.5295,127.0498,0.6654,BAJO
0.5387,0.9109,0.431,8.1441,130.0944,3.8535,ALTO
0.6464,0.7792,0.8208,6.2475,125.5259,0.1788,ALTO
0.4053,0.5598,0.712,13.1722,112.0799,5.182,BAJO
0.6315,0.5405,0.6031,10.1845,115.206,0.0,MEDIO
0.4233,0.6384,0.7869,9.747,141.6268,4.4313,MEDIO
0.4884,0.5231,0.4382,15.3028,142.0251,1.7793,BAJO
0.6476,0.3907,0.602,10.9115,96.4911,2.0837,MEDIO
0.4238,0.4131,0.2596,13.0236,83.7853,3.9094,BAJO
0.6038,0.8889,0.6459,5.9991,139.0393,2.3148,ALTO
0.7947,0.5966,0.8046,0.0,150.4175,0.7996,ALTO
0.5713,0.6577,0.5886,7.5424,148.1401,3.8383,ALTO
0.5006,0.515,0.4419,6.5858,127.3833,2.2159,BAJO
0.3994,0.4056,0.5035,10.3925,134.0846,2.9866,MEDIO
0.6513,0.8386,0.6587,6.1099,142.9195,2.545,ALTO
0.5976,0.4116,0.5566,11.2774,135.4929,2.7785,MEDIO
0.469,0.4374,0.6177,11.1443,130.8775,0.7267,BAJO
0.5412,0.6101,0.7456,10.4542,103.9908,2.4893,MEDIO
0.5643,0.4504,0.5406,13.6474,115.4912,3.14,BAJO
0.4695,0.5708,0.7607,4.2044,121.7356,4.3367,MEDIO
0.5935,0.59,0.4863,5.4819,116.0123,1.5668,MEDIO
0.7179,0.586,0.8148,16.9585,115.7964,2.4453,MEDIO
0.539,0.5278,0.7075,12.0926,137.8776,4.716,MEDIO
0.5494,0.582,0.6521,6.9277,114.4736,2.5389,BAJO
0.4387,0.4841,0.4147,12.8165,115.703,5.1789,BAJO
0.7524,0.7422,0.7966,4.1135,136.7177,1.9759,ALTO
0.594,0.5419,0.7032,2.686,107.7846,3.3105,MEDIO
0.7148,0.8409,0.8071,4.6214,108.5967,4.467,ALTO
0.751,0.6513,0.5333,6.1136,100.5627,2.3371,MEDIO
0.5194,0.6528,0.6026,8.1086,120.0729,2.371,MEDIO
0.4859,0.648,0.2839,8.9835,110.4452,4.4923,BAJO
0.702,0.6432,0.4993,17.7702,98.479,3.191,MEDIO
0.6969,0.651,0.7662,8.1956,89.9186,2.9997,MEDIO
0.7635,0.6638,0.5218,7.2319,131.0764,2.687,MEDIO
0.5437,0.5203,0.3764,10.3818,111.6181,2.4784,BAJO
0.5546,0.6234,0.7047,8.3035,113.8051,1.7412,MEDIO
0.472,0.0866,0.5711,12.4813,86.8778,5.4727,BAJO
0.5673,0.6399,0.6207,12.5923,112.3412,2.6143,MEDIO
0.6636,0.7441,0.5101,6.4948,135.5252,2.9604,MEDIO
0.5496,0.676,0.4065,5.2072,112.8189,1.9042,MEDIO
0.3976,0.4877,0.5512,10.0575,94.9536,2.5084,BAJO
0.6355,0.6044,0.4184,9.447,112.6718,5.737,BAJO
0.424,0.186,0.4248,13.181,115.8159,3.1256,BAJO
0.5011,0.3358,0.545,12.185,111.1212,3.8036,BAJO
0.709,0.3896,0.665,7.2889,128.8238,4.0893,ALTO
0.4561,0.5115,0.7759,11.1189,109.4398,3.4049,BAJO
0.3128,0.4436,0.6441,10.3404,102.3053,4.905,BAJO
0.1976,0.2458,0.5506,14.0012,87.4703,5.6794,BAJO
0.3318,0.4599,0.5698,6.5678,81.4355,4.3985,BAJO
0.6321,0.6621,0.7176,7.3395,145.9585,1.6475,MEDIO
0.6955,0.4746,0.657,8.0068,130.8199,0.0,ALTO
0.5371,0.7736,0.4596,8.8737,109.3412,3.7255,MEDIO
0.5104,0.5187,0.6386,10.6029,117.9848,3.7543,BAJO
0.7439,0.4504,0.5411,10.0732,123.6453,3.198,MEDIO
0.3762,0.3793,0.706,14.4386,98.4229,6.8903,BAJO
0.3555,0.3565,0.3387,14.6983,97.5616,5.0805,BAJO
0.5716,0.5511,0.6297,9.5211,110.8404,3.7844,MEDIO
0.7772,0.8145,0.6486,9.3576,159.9515,3.7339,ALTO
0.6728,0.6425,0.6245,5.9249,138.6388,2.9855,ALTO
0.7076,0.9162,0.9589,7.1481,128.7345,1.9906,ALTO
0.242,0.3715,0.4182,10.5035,125.6824,4.2405,BAJO
0.5043,0.6498,0.59,11.1013,137.3356,2.4362,MEDIO
0.6832,0.6904,0.5163,4.583,96.8762,3.6678,MEDIO
0.3611,0.7314,0.6164,10.6759,115.0617,2.7813,MEDIO
0.7163,0.7329,0.5876,8.8336,116.9944,3.8269,MEDIO
0.5749,0.486,0.4251,12.5275,122.2847,2.3296,MEDIO
0.2695,0.3589,0.3591,11.6625,97.5345,5.0878,BAJO
0.6355,0.4003,0.8038,5.5535,127.294,3.6424,ALTO
0.8368,0.6001,0.7721,7.5788,115.1153,2.3323,ALTO
0.5809,0.5708,0.4791,13.1767,121.696,6.4278,BAJO
0.6352,0.753,0.6727,4.2246,102.1713,2.6543,ALTO
0.5593,0.5319,0.5345,11.0995,109.1066,3.2472,BAJO
0.4782,0.7598,0.5207,4.3261,88.9485,3.4236,BAJO
0.5233,0.4605,0.438,8.3909,97.7492,3.2456,BAJO
0.5825,0.5565,0.4898,2.6722,128.0561,0.0866,MEDIO
0.4968,0.4466,0.4604,12.5097,117.1541,4.6688,BAJO
0.6675,0.3327,0.6196,12.1053,105.3205,6.4789,BAJO
0.7117,0.7879,0.6799,6.618,144.6468,2.4164,ALTO
0.4617,0.6075,0.5622,12.6802,137.0028,3.6986,MEDIO
0.4309,0.6513,0.563,7.7701,116.7701,2.8226,MEDIO
0.6864,0.6109,0.8327,8.1439,128.3952,3.6148,MEDIO
0.4379,0.5122,0.4468,10.1173,106.9023,3.4709,MEDIO
0.5691,0.2661,0.6071,9.2016,124.1134,3.6452,BAJO
0.4544,0.6697,0.6416,11.0044,104.3613,0.7862,BAJO
0.4966,0.4397,0.4787,17.7708,131.9741,3.7049,MEDIO
0.5053,0.4747,0.67,6.5257,137.2642,3.1255,MEDIO
0.5152,0.497,0.5535,12.413,95.4177,4.6597,BAJO
0.6544,0.6478,0.7956,6.9473,114.7899,3.2034,ALTO
0.8419,0.87,0.6695,7.7609,129.6361,0.5472,ALTO
0.66,0.5001,0.8642,7.8686,117.5948,0.788,ALTO
0.6248,0.4621,0.4697,11.4163,113.4081,5.0683,BAJO
0.644,0.4416,0.4107,0.0,112.9603,2.1218,MEDIO
0.6169,0.3954,0.5807,15.3725,131.1153,5.0345,BAJO
0.5683,0.621,0.6623,6.4675,118.8114,1.0268,MEDIO
0.3875,0.333,0.4126,13.1178,135.616,4.8009,BAJO
0.5537,0.4265,0.4405,11.5535,114.7972,4.2837,BAJO
0.8261,0.7575,0.4877,3.1255,109.5089,2.3635,ALTO
0.6938,0.5668,0.4279,7.9649,152.1308,1.3525,MEDIO
0.5199,0.664,0.7785,9.0255,131.8631,0.9258,ALTO
0.4759,0.4555,0.4635,8.6145,116.877,3.9401,BAJO
0.5962,0.4632,0.628,11.3963,119.2472,4.5178,MEDIO
0.7628,0.6567,0.4518,7.6544,103.551,3.8938,MEDIO
0.4924,0.5823,0.4643,11.6246,90.1442,2.798,BAJO
0.6882,0.8345,0.8491,0.7179,131.3288,2.3784,ALTO
0.4766,0.6104,0.5901,6.5429,137.3097,3.6391,MEDIO
0.6912,0.6553,0.6886,10.0597,125.1891,4.393,MEDIO
0.3388,0.4024,0.484,10.0356,132.0042,4.1182,MEDIO
0.6428,0.4172,0.5608,6.7234,135.0101,1.2093,MEDIO
0.6738,0.4288,0.5576,6.2084,120.7764,2.6573,MEDIO
0.4943,0.3401,0.4442,8.9205,132.9296,3.3479,BAJO
0.7094,0.7608,0.7371,9.2163,136.8655,3.955,ALTO
0.4738,0.3457,0.835,6.856,120.5783,0.8047,BAJO
0.9442,0.9004,0.6451,1.6404,128.5856,1.1352,ALTO
0.6457,0.5019,0.5049,9.9708,122.2344,3.7817,BAJO
0.4994,0.8603,0.6901,8.936,93.8339,1.721,BAJO
0.8367,0.3781,0.72,1.5192,128.2348,1.9679,ALTO
0.8217,0.6749,0.7037,1.312,138.4395,4.1285,ALTO
0.4803,0.7088,0.6194,12.5003,115.9837,2.2115,BAJO
0.4676,0.658,0.5942,13.012,122.2334,4.534,MEDIO
0.4028,0.5261,0.587,3.0142,116.6788,4.2822,MEDIO
0.9172,0.4029,0.9552,9.0696,94.8098,2.1318,ALTO
0.5842,0.507,0.6353,10.6675,149.5659,2.1293,ALTO
0.4726,0.7782,0.824,5.6051,114.7487,2.7418,MEDIO
0.7223,0.6387,0.8741,10.297,117.4334,2.3028,ALTO
0.3549,0.5215,0.6244,9.1946,133.8455,2.7249,BAJO
0.5883,0.7192,0.4803,6.8595,140.495,1.581,MEDIO
0.8164,0.5331,0.722,3.7381,131.4243,1.5458,ALTO
0.7211,0.7129,0.6254,9.2387,135.7428,1.8957,ALTO
0.5683,0.5513,0.6353,10.1636,103.4898,2.4124,MEDIO
0.677,0.7023,0.5647,11.102,123.7985,0.0,ALTO
0.4469,0.4228,0.6219,14.4015,130.171,3.8403,MEDIO
0.6106,0.4127,0.7544,7.7234,110.9075,2.0996,MEDIO
0.5464,0.5679,0.786,15.8823,107.1363,0.4382,BAJO
0.3832,0.5303,0.4466,15.2608,109.0171,3.7189,BAJO
0.5823,0.6898,0.542,8.5087,124.4371,2.0158,MEDIO
0.3765,0.462,0.5403,8.7172,117.8849,5.5459,BAJO
0.6597,0.658,0.784,5.2015,95.5772,2.6645,MEDIO
0.6826,0.5685,0.632,4.2478,82.6214,3.6446,BAJO
0.4123,0.5199,0.6022,7.5779,126.1568,5.1931,BAJO
0.4753,0.5383,0.6005,11.7599,104.0952,2.0889,BAJO
0.5855,0.7176,0.5675,9.3968,110.7726,2.7829,BAJO
0.7357,0.5401,0.6176,8.669,80.7047,5.6804,BAJO
0.5477,0.5798,0.6626,6.4462,138.4782,2.6431,MEDIO
0.4918,0.3217,0.5932,9.4874,117.6565,4.0434,BAJO
0.8494,0.9596,0.8906,4.8901,141.7068,0.4075,ALTO
0.571,0.4847,0.6501,6.1542,122.4545,3.805,MEDIO
0.4141,0.4754,0.5719,12.1575,79.5416,3.9359,BAJO
0.6093,0.7825,0.4249,11.5506,96.5845,1.666,MEDIO
0.7728,0.8122,0.6241,3.0547,122.0889,1.424,ALTO
0.6404,0.7498,0.5754,13.5728,104.7976,1.8937,MEDIO
0.5056,0.3782,0.4858,10.9023,103.6892,4.2914,BAJO
0.7873,0.8151,0.6415,3.4097,129.6823,1.0385,ALTO
0.7195,0.5495,0.608,11.6042,130.0185,3.8434,ALTO
0.8121,0.7051,0.7895,6.744,103.1476,2.3486,ALTO
0.951,0.9434,0.8495,6.9858,126.6941,0.5754,ALTO
0.7573,0.5839,0.8118,4.357,131.5407,2.0701,ALTO
0.7675,0.8228,0.6774,4.9235,123.9332,1.6101,ALTO
0.493,0.2941,0.317,18.4792,101.8044,5.8368,BAJO
0.58,0.6156,0.5069,6.9098,118.8803,2.6,MEDIO
0.7737,0.4923,0.6046,9.8539,117.0217,1.8525,MEDIO
0.7353,0.9493,0.8033,0.6097,146.9484,3.1667,ALTO
0.857,0.572,0.7294,10.963,135.395,1.2272,ALTO
0.666,0.7952,0.7091,8.3366,125.2826,1.8163,MEDIO
0.5613,0.425,0.5997,11.0208,95.4741,2.7687,BAJO
0.4958,0.6105,0.3989,6.6489,116.8952,3.7778,BAJO
0.5538,0.5008,0.814,7.6839,113.5128,5.6723,MEDIO
0.3548,0.4398,0.5466,12.247,98.1538,3.9215,BAJO
0.8481,0.6989,0.8874,0.7947,139.8606,2.7667,ALTO
0.5899,0.4571,0.5285,5.2727,135.2202,3.1592,MEDIO
0.5989,0.6838,0.6764,8.5559,108.5625,1.8028,MEDIO
0.8925,0.5396,0.7067,6.651,114.996,1.3851,ALTO
0.367,0.3807,0.5592,13.4848,94.0892,3.1293,BAJO
0.6379,0.6391,0.6019,6.9301,95.2674,3.1062,BAJO
0.4828,0.6775,0.6954,13.5095,138.6947,5.3455,MEDIO
0.5834,0.5577,0.4169,6.668,110.0747,3.3604,MEDIO
0.7692,0.4975,0.6743,11.4256,101.7358,3.0817,MEDIO
0.5303,0.5571,0.5721,10.4422,97.4409,2.5656,MEDIO
0.559,0.3526,0.5227,9.301,115.2991,3.1074,MEDIO
0.8219,0.4623,0.8698,10.8817,110.8383,1.247,MEDIO
0.5371,0.5195,0.815,7.5767,137.8706,1.7762,MEDIO
0.4632,0.5393,0.4132,5.5273,104.1171,3.6107,BAJO
0.4175,0.2966,0.5566,5.8889,89.5835,3.3776,BAJO
0.5368,0.7701,0.7685,1.0743,132.6437,1.9222,ALTO
0.3775,0.601,0.6517,8.2966,115.7324,2.8927,BAJO
0.5015,0.5566,0.7505,9.1834,111.7462,4.1962,MEDIO
0.4982,0.4186,0.6961,7.3283,120.4146,3.828,MEDIO
0.6954,0.5745,0.6277,6.5088,118.9506,2.2536,ALTO
0.8729,0.8524,1.0,7.6306,133.9644,0.3442,ALTO
0.651,0.5499,0.7235,10.775,98.2294,2.7302,ALTO
0.3701,0.5252,0.4681,7.739,85.4122,4.311,BAJO
0.7937,0.5867,0.6443,4.731,116.5952,2.0095,ALTO
0.6923,0.5524,0.7198,10.5402,99.4398,3.1904,MEDIO
0.6695,0.7639,0.5547,5.8407,125.2488,2.692,MEDIO
0.5727,0.6813,0.5134,7.5988,88.0352,3.4172,BAJO
0.6021,0.8925,0.7159,4.0964,123.2682,0.8035,MEDIO
0.6426,0.5636,0.6044,12.6894,111.569,4.7411,MEDIO
0.9442,0.7416,0.7327,7.9032,130.1151,1.0441,ALTO
0.5122,0.4227,0.3643,8.9189,115.9733,4.0207,BAJO
0.4979,0.3313,0.7276,10.2345,111.8491,0.7601,BAJO
0.7346,0.5684,0.7082,4.6907,121.0921,1.3546,ALTO
0.5685,0.5866,0.8726,5.1023,138.3265,1.4581,ALTO
0.8009,0.8068,0.8668,1.9279,132.6315,0.0,ALTO
0.6348,0.7395,0.7422,5.5175,137.1855,5.9826,ALTO
0.654,0.7828,0.7187,10.7399,116.467,2.9544,ALTO
0.9172,0.7047,0.9583,7.6216,134.6928,2.5741,ALTO
0.4652,0.5332,0.5402,10.9717,104.3456,5.2996,BAJO
0.3179,0.3569,0.489,10.641,108.638,5.5637,BAJO
0.4517,0.592,0.6709,13.11,106.3037,3.4021,BAJO
0.6255,0.7775,0.9896,9.4758,127.1841,4.0279,ALTO
0.3942,0.5765,0.4326,9.314,127.5854,5.3781,BAJO
0.8558,0.591,0.7708,6.3397,139.0948,2.3967,MEDIO
0.8652,0.7734,0.6704,6.7583,138.6059,2.7214,ALTO
0.9114,0.5667,0.8742,1.0725,116.5165,0.8787,ALTO
0.7251,0.8637,0.7261,6.6471,110.7465,1.9951,MEDIO
0.4888,0.6253,0.4028,5.4391,125.1791,2.5126,BAJO
0.7713,0.7331,0.7281,3.3527,141.461,2.0906,ALTO
0.5701,0.3902,0.7891,6.6129,116.0297,4.4378,BAJO
0.7195,0.4924,0.4859,5.3935,105.1086,1.915,MEDIO
0.2931,0.6399,0.617,5.5934,129.5024,5.2942,BAJO
0.5726,0.4761,0.5864,12.1698,124.1167,2.9953,BAJO
0.4961,0.6757,0.5937,6.3525,133.9,4.4225,MEDIO
0.6136,0.6128,0.7429,13.5713,114.1063,2.3482,MEDIO
0.4274,0.4984,0.493,18.976,93.6615,5.3558,BAJO
0.6807,0.5909,0.648,7.438,130.8285,2.917,ALTO
0.5917,0.4756,0.7416,14.4931,115.4557,0.8488,MEDIO
0.7386,0.6549,0.6968,9.3962,114.7811,4.4287,MEDIO
0.706,0.9635,0.585,2.3918,119.45,0.2938,ALTO
0.6423,0.6723,0.5937,0.8093,113.1894,2.8266,ALTO
0.6012,0.4793,0.3208,12.4092,123.9973,2.5091,MEDIO
0.4269,0.6822,0.5209,12.9342,82.0617,3.0156,BAJO
0.6149,0.8086,0.7914,7.6765,133.8018,2.0254,ALTO
0.4674,0.6011,0.6461,9.8309,101.5361,3.0086,BAJO
0.8019,0.7215,0.7611,2.9685,123.2184,0.7315,ALTO
0.6339,0.8296,0.8685,3.5616,128.5765,1.5673,ALTO
0.3198,0.523,0.2861,14.0644,102.9128,2.5929,BAJO
0.7221,0.3735,0.661,5.8918,119.4959,2.535,MEDIO
0.6926,0.7763,0.5796,4.0065,123.4076,1.5566,MEDIO
0.5524,0.6773,0.6767,1.5695,119.2906,0.0,ALTO
0.5057,0.3057,0.6062,13.8001,120.479,4.225,BAJO
0.3805,0.4752,0.6653,7.4075,112.2242,4.2368,BAJO
0.4298,0.2588,0.5736,13.9689,106.484,2.8385,BAJO
0.5868,0.4179,0.6494,4.9435,114.0932,3.0151,MEDIO
0.6092,0.7907,0.5438,6.4059,116.581,3.0243,MEDIO
0.2547,0.4178,0.4307,19.6128,91.5271,3.7253,BAJO
0.6384,0.2542,0.7208,8.1834,127.506,3.1636,MEDIO
0.6968,0.6019,0.7455,5.0346,114.8422,3.1254,MEDIO
0.7178,0.7166,0.4488,9.4568,87.8911,1.7379,BAJO
0.5456,0.5702,0.6464,3.0597,121.0624,2.5241,MEDIO
0.7844,0.7083,0.3608,12.5506,111.9254,4.583,BAJO
0.2705,0.6104,0.6116,13.6128,101.7119,2.875,BAJO
0.4219,0.4173,0.5373,9.7092,131.9838,3.453,BAJO
0.7902,0.5774,0.4819,0.0,80.0728,1.5892,ALTO
0.7152,0.5985,0.7753,5.993,146.8414,2.1432,MEDIO
0.71,0.4885,0.7529,3.0511,140.0101,2.7791,ALTO
0.6512,0.4158,0.6555,11.0679,110.6738,0.0074,MEDIO
0.7795,0.6041,0.9824,8.3218,121.6621,1.2631,ALTO
0.5853,0.4697,0.658,10.2462,123.1288,3.7487,MEDIO
0.3287,0.4732,0.4048,8.655,114.5775,4.4985,BAJO
0.7369,0.7719,0.7269,11.0776,113.8603,1.848,ALTO
0.6805,0.6681,0.5988,7.2222,96.7749,1.4909,MEDIO
0.805,0.737,0.8163,11.8673,153.5915,3.1761,ALTO
0.6437,0.4229,0.5305,12.1656,122.1974,3.6911,MEDIO
0.8316,0.8551,0.8378,5.0877,136.2297,1.8834,ALTO
0.5421,0.6463,0.52,5.2096,127.471,2.6884,MEDIO
0.7541,0.504,0.5993,12.7774,125.5393,2.6426,ALTO
0.3801,0.7303,0.5229,12.2595,121.8509,5.0193,MEDIO
0.7524,0.4101,0.6044,9.4206,97.9613,1.2094,MEDIO
0.4437,0.2376,0.4874,11.5168,104.7366,5.3109,BAJO
0.7933,0.8686,0.8822,2.603,130.6904,2.4299,ALTO
0.6087,0.4919,0.5601,11.4083,111.5489,4.6952,BAJO
0.8144,0.5906,0.6213,7.792,144.4829,1.099,ALTO
0.6297,0.4376,0.5702,11.4619,91.6806,6.0505,BAJO
0.6843,0.6405,0.7183,4.6239,112.7874,1.617,MEDIO
0.4937,0.6248,0.5715,5.0947,103.0394,3.8611,BAJO
0.514,0.7448,0.6318,10.3904,121.38,2.8568,MEDIO
0.6638,0.8816,0.6497,2.3295,137.7103,0.8346,ALTO
0.6565,0.4597,0.6314,6.6695,148.026,3.8035,MEDIO
0.9177,0.534,0.7344,5.1525,124.0789,1.2132,ALTO
0.5123,0.3576,0.6855,5.6553,126.8837,4.4264,MEDIO
0.375,0.7614,0.6608,9.0412,129.9353,4.1783,MEDIO
0.8857,0.7744,0.9073,10.9082,137.2366,2.4524,ALTO
0.5644,0.5256,0.6843,9.1903,112.7544,2.7421,MEDIO
0.6451,0.6794,0.8505,8.8693,118.0332,1.9719,MEDIO
0.5232,0.5597,0.7589,15.1648,101.8261,0.0,BAJO
0.5158,0.4705,0.8228,10.0582,104.4262,2.5735,MEDIO
0.8138,0.6636,0.4933,6.295,124.7048,3.761,MEDIO
0.5122,0.4833,0.6194,10.8843,111.6263,3.3505,BAJO
0.3781,0.4112,0.7373,10.2077,110.8373,2.4505,BAJO
0.6467,0.6777,0.7977,11.7546,129.7849,2.4177,MEDIO
0.7137,0.5255,0.5199,11.7878,115.2542,4.4169,MEDIO
0.7884,0.7847,0.8492,0.0,118.9983,1.3832,ALTO
0.6109,0.6809,0.7266,3.3831,123.6057,4.1406,MEDIO
0.5205,0.7329,0.8642,7.3273,133.2413,1.9643,MEDIO
0.4103,0.5372,0.3838,7.4395,97.8815,3.8593,BAJO
0.6669,0.3916,0.4502,0.3445,115.1248,3.1543,MEDIO
0.8087,0.839,0.5992,1.2971,134.7029,3.5033,ALTO
0.3004,0.528,0.5392,10.7953,99.6017,4.0434,BAJO
0.6493,0.6665,0.8959,6.5437,115.7276,5.2846,ALTO
0.6507,0.7586,0.6498,4.6451,99.3853,2.0749,MEDIO
0.5116,0.4795,0.6017,9.1496,117.9762,4.9749,MEDIO
0.3723,0.5683,0.5874,11.7119,90.9694,3.9641,BAJO
0.392,0.2898,0.5304,8.9706,127.8814,4.6041,BAJO
0.651,0.5172,0.6099,13.3364,113.1068,1.9779,MEDIO
0.5421,0.4805,0.5972,10.2008,104.8345,3.9632,BAJO
0.7957,0.9126,0.6496,2.5378,146.8118,0.4223,ALTO
0.6204,0.5693,0.6081,5.2368,104.0651,3.2092,MEDIO
0.5716,0.6113,0.6561,9.0002,103.8544,1.6075,MEDIO
0.5564,0.3793,0.739,10.9856,93.553,2.6911,BAJO
0.6477,0.6162,0.8366,4.3361,143.441,3.5647,ALTO
0.6821,0.447,0.6259,10.7308,143.0882,3.8591,MEDIO
0.849,0.9972,0.7489,6.2233,102.4408,0.6228,ALTO
0.3204,0.3718,0.5847,16.8477,96.6261,1.8534,BAJO
0.7039,0.7229,0.6638,6.3403,129.7974,2.3991,MEDIO
0.6846,0.605,0.5447,6.3874,111.4992,4.7583,MEDIO
0.7929,0.3847,0.6008,10.3597,118.1477,1.8165,MEDIO
0.7097,0.4505,0.4037,12.0824,111.513,5.9943,BAJO
0.3713,0.5113,0.5488,10.2845,114.6039,4.0269,BAJO
0.5457,0.4248,0.5814,9.3239,91.2287,2.1483,BAJO
0.5157,0.2196,0.4631,11.6271,115.3975,1.7786,BAJO
0.7737,0.5806,0.7278,6.9347,107.8407,3.2578,ALTO
0.5723,0.6171,0.4533,6.5873,105.033,3.9398,BAJO
0.2848,0.5006,0.3512,12.8548,81.0458,6.065,BAJO
0.5524,0.6475,0.7725,8.8301,105.5747,2.3382,MEDIO
0.6604,0.4252,0.4655,5.1315,107.5354,3.3942,MEDIO
0.5541,0.7149,0.4369,8.1734,129.6992,3.2272,ALTO
0.5539,0.5708,0.6326,12.04,117.0691,2.8518,MEDIO
0.5411,0.8997,0.7514,8.8993,129.3966,1.4982,ALTO
0.809,0.7223,0.819,7.6456,129.1205,1.3213,ALTO
0.8426,0.5438,1.0,3.9031,105.1065,1.2513,ALTO
0.3131,0.5254,0.3718,13.9697,76.6597,4.7554,BAJO
0.4638,0.4437,0.4695,10.6817,107.2559,3.9863,BAJO
0.6901,0.6164,0.8758,3.4992,128.8506,3.6656,ALTO
0.4837,0.359,0.6859,6.9538,111.8222,1.914,MEDIO
0.6919,0.8853,0.7969,4.4328,113.7537,0.0,ALTO
0.4292,0.5462,0.571,11.5097,117.271,3.8985,MEDIO
0.9179,0.9552,0.9046,7.1617,127.4921,0.3369,ALTO
0.7137,0.6458,0.8149,2.6963,138.9348,1.4925,MEDIO
0.5953,0.5851,0.7449,5.7098,138.2816,1.2035,MEDIO
0.2831,0.7128,0.5117,8.205,107.5876,2.5394,MEDIO
0.6952,0.5705,0.623,8.0778,117.4663,1.2839,ALTO
0.621,0.5498,0.7833,7.575,120.4254,2.5157,MEDIO
0.4488,0.2695,0.3462,15.8553,112.5256,5.0512,BAJO
0.8534,0.6878,0.6689,4.4754,155.1014,1.5355,ALTO
0.7716,0.7227,0.6187,6.9478,124.8261,2.8015,ALTO
0.5773,0.3899,0.5385,9.7284,132.9455,2.6384,BAJO
0.7139,0.6598,0.7444,2.1744,113.2012,2.7509,ALTO
0.4792,0.4705,0.6711,10.1379,104.5476,2.8877,BAJO
0.4342,0.4043,0.4961,15.7687,72.8773,2.1314,BAJO
0.8589,0.8828,0.7246,9.6776,129.6004,2.3396,ALTO
0.4404,0.4172,0.5286,8.3857,117.6356,4.9792,BAJO
0.7325,0.4823,0.6741,4.6451,80.5658,2.4266,MEDIO
0.6584,0.9578,0.4432,7.8963,123.4345,4.1126,ALTO
0.6794,0.5761,0.7827,10.2696,130.9231,1.5485,MEDIO
0.9499,0.6556,0.6054,7.0745,133.9729,2.9008,ALTO
0.8387,0.6062,0.6243,8.6172,106.6355,4.4047,MEDIO
0.838,0.6132,0.7131,3.1861,134.73,2.4349,ALTO
0.4201,0.5163,0.5346,8.7062,112.5233,3.3657,BAJO
0.8648,0.7371,0.7055,1.5761,129.9708,2.5045,ALTO
0.4172,0.4819,0.4909,11.6743,104.6012,6.1962,BAJO
0.7457,0.8907,0.7374,0.0,137.5464,1.9278,ALTO
0.2044,0.5734,0.6631,15.3967,123.2476,6.7047,BAJO
0.5914,0.5797,0.6693,13.3245,113.1658,3.5468,MEDIO
0.33,0.4981,0.5277,11.9665,112.0653,3.3537,BAJO
0.5572,0.6526,0.6303,6.0134,130.8925,2.892,MEDIO
0.4711,0.4514,0.5388,9.2305,117.1937,2.9597,BAJO
0.7298,0.8489,0.8233,14.6074,98.3739,1.0002,MEDIO
0.783,0.6462,0.6035,6.6395,138.3009,1.287,ALTO
0.8667,0.5697,0.6552,10.8754,141.5591,2.1606,ALTO
0.4326,0.3884,0.5417,8.1112,133.6886,3.6083,BAJO
0.7473,0.4269,0.5691,6.2357,128.1791,5.2954,MEDIO
0.5372,0.8415,0.6849,4.9728,95.4408,1.8371,ALTO
0.7194,0.972,0.6177,0.7485,117.4422,0.0,ALTO
0.399,0.3983,0.6488,17.2441,101.0616,2.883,BAJO
0.4703,0.5619,0.4132,10.3491,113.9559,3.8358,BAJO
0.5925,0.6679,0.781,9.3891,147.2803,2.5701,ALTO
0.5359,0.7533,0.7301,6.1099,106.3943,4.4741,MEDIO
0.3411,0.7586,0.4738,6.7411,142.5065,4.9938,BAJO
0.6313,0.8608,0.7548,10.2044,119.7572,3.296,MEDIO
0.5076,0.4659,0.5153,7.4688,100.5089,3.4691,BAJO
0.867,0.7943,0.6174,5.8932,142.0709,2.9812,ALTO
0.6863,0.725,0.5437,8.1068,136.7362,1.3626,MEDIO
0.594,0.4679,0.5871,11.3134,118.8963,5.0788,BAJO
0.376,0.396,0.6394,7.4702,103.4968,3.0584,BAJO
0.4869,0.4316,0.5954,9.2285,121.6608,1.7108,BAJO
0.6897,0.7516,0.5897,5.2804,105.4533,3.4464,MEDIO
0.6092,0.7261,0.578,10.9508,105.8144,4.7236,ALTO
0.3735,0.4429,0.471,12.6913,108.0576,3.4827,BAJO
0.5394,0.4757,0.2806,11.7197,95.5365,6.0167,BAJO
0.5992,0.7988,0.6803,5.3264,138.7494,0.4553,ALTO
0.5432,0.4055,0.7088,13.2156,113.0673,1.2353,MEDIO
0.6594,0.5449,0.6381,4.4674,116.7077,2.6308,MEDIO
0.626,0.8728,0.8532,3.3946,108.5885,2.2161,ALTO
0.4691,0.5624,0.4426,9.5944,128.7674,2.6913,MEDIO
0.5555,0.4671,0.5605,7.0878,110.9459,2.8864,BAJO
0.7243,0.8352,0.8468,5.6935,153.685,0.2655,ALTO
0.684,0.8427,0.7622,7.0229,144.2064,1.3947,ALTO
0.6814,0.2387,0.3696,9.0594,110.1674,3.4922,BAJO
0.5627,0.5569,0.6399,10.925,115.0518,2.6026,MEDIO
0.4537,0.3127,0.4379,15.0718,93.9386,4.792,BAJO
0.7706,0.496,0.4755,11.2258,135.7927,1.1572,MEDIO
0.6171,0.6834,0.6825,6.944,122.7756,0.7626,ALTO
0.3559,0.5154,0.4728,7.787,108.4419,4.296,BAJO
0.3343,0.4358,0.4284,12.4082,107.6959,6.221,BAJO
0.3929,0.4241,0.3516,4.1024,86.5581,5.213,BAJO
0.564,0.5082,0.7117,7.0375,121.623,2.8775,MEDIO
0.6909,0.3973,0.8175,11.4271,127.6075,2.232,MEDIO
0.7774,0.576,0.718,8.1262,126.7697,1.9253,ALTO
0.8436,0.7074,0.3757,8.8374,133.4265,4.0568,MEDIO
0.621,0.7215,0.747,7.557,121.649,0.0,ALTO
0.809,0.6203,0.633,10.2938,115.4759,2.1335,ALTO
0.8598,0.5465,0.5714,10.0013,109.8393,2.9931,MEDIO
0.3355,0.3222,0.4591,14.745,95.6875,3.4991,BAJO
0.5077,0.5525,0.6034,10.5194,136.9897,4.5359,MEDIO
0.6881,0.6151,0.5065,2.9253,119.9218,3.6777,MEDIO
0.7098,0.6439,0.5322,8.1598,119.5935,0.2009,MEDIO
0.7913,0.4595,0.5667,4.8833,120.2328,1.2642,MEDIO
0.5088,0.4876,0.5262,9.0777,94.6081,2.3293,BAJO
0.2715,0.4646,0.5426,7.9396,101.9295,3.9519,BAJO
0.3833,0.2693,0.3704,15.802,113.5888,5.49,BAJO
0.6152,0.6291,0.6236,5.3706,120.0701,2.5688,MEDIO
0.4171,0.6348,0.6332,9.549,100.6027,3.4933,BAJO
0.8854,0.8157,0.8854,2.5788,125.0262,1.222,ALTO
0.3553,0.6366,0.5718,11.3353,122.1711,2.2072,MEDIO
0.9183,0.6223,0.9193,0.0,135.4299,0.9187,ALTO
0.7312,0.6306,0.6157,7.8755,116.2246,1.2766,MEDIO
0.4364,0.2371,0.3924,8.9051,105.9629,5.057,BAJO
0.6142,0.5608,0.5814,5.811,152.7054,3.4849,MEDIO
0.553,0.5397,0.6255,8.6886,143.0113,2.9833,MEDIO
0.6508,0.7277,0.3582,6.1333,138.2651,5.1129,MEDIO
0.7093,0.7301,0.6373,8.5152,100.7752,1.7396,MEDIO
0.7148,0.804,0.8283,6.4593,123.6455,1.5037,ALTO
0.7161,0.5989,0.7714,2.2909,114.7004,1.9353,ALTO
0.5238,0.4598,0.6799,11.9758,126.6936,1.0406,MEDIO
0.2991,0.3334,0.5217,12.0603,124.4387,2.2031,BAJO
0.6898,0.6153,0.7821,9.5084,123.0586,3.6976,MEDIO
0.6891,0.8367,0.513,10.5241,107.9083,1.105,MEDIO
0.3267,0.4438,0.3255,17.0443,93.7976,3.3758,BAJO
0.6582,0.5607,0.7679,8.3646,129.351,2.6246,ALTO
0.72,0.556,0.6139,10.1616,128.5598,2.5071,MEDIO
0.5725,0.4491,0.416,12.5327,110.1899,5.1343,BAJO
0.4967,0.8102,0.6523,8.1668,118.0851,3.2784,MEDIO
0.3992,0.7125,0.5385,4.7637,117.1147,2.2539,MEDIO
0.6693,0.8266,0.7088,3.9472,139.0106,2.2534,ALTO
0.586,0.6271,0.5401,11.4162,131.15,3.5493,MEDIO
0.8692,0.7371,0.7579,7.2038,136.7357,0.2918,ALTO
0.5031,0.6398,0.6327,5.666,118.3547,3.304,MEDIO
0.3203,0.3401,0.6161,15.9543,102.6277,3.7949,BAJO
0.6038,0.5546,0.6511,5.7134,123.3637,1.4113,ALTO
0.4637,0.6506,0.5204,4.2667,102.2608,5.6955,BAJO
0.5561,0.5573,0.756,11.8474,104.7748,3.3555,MEDIO
0.3386,0.5983,0.6334,8.3615,118.0301,3.6184,MEDIO
0.7203,0.8051,0.644,12.8739,109.343,2.9322,MEDIO
0.6989,0.7681,0.5405,8.6541,139.6255,2.9386,MEDIO
0.9674,0.7337,0.6153,5.2751,126.0584,1.2173,ALTO
0.6462,1.0,0.6502,5.4772,144.0627,0.8133,ALTO
0.9606,0.7986,0.7915,10.4228,142.6179,2.0717,ALTO
0.5157,0.2365,0.3625,16.1261,114.0347,3.0162,BAJO
0.4166,0.4285,0.692,11.913,102.1617,5.1621,BAJO
0.3495,0.5946,0.2611,20.6254,109.7717,2.6927,BAJO
0.5664,0.4937,0.5453,6.9687,134.9085,2.0285,BAJO
0.419,0.422,0.5815,11.5744,90.8667,1.6698,BAJO
0.54,0.6778,0.6337,6.9599,139.4148,2.1162,ALTO
0.5729,0.5329,0.2963,4.2763,149.819,4.6184,BAJO
0.4649,0.6165,0.454,6.505,135.8392,3.7685,MEDIO
0.676,0.5684,0.4454,12.1116,118.1874,5.6195,BAJO
0.4257,0.3667,0.6568,12.3239,116.954,2.3679,BAJO
0.6022,0.4051,0.841,4.4133,114.3534,1.6691,MEDIO
0.6619,0.5416,0.6875,7.001,127.4351,2.19,MEDIO
0.5633,0.6606,0.5976,6.0722,132.6751,3.7604,MEDIO
0.4675,0.5391,0.4455,11.8965,98.3674,2.6961,BAJO
0.3537,0.2759,0.4861,16.2093,85.7667,4.2076,BAJO
0.7003,0.5446,0.8911,4.7719,121.2428,0.6961,ALTO
0.5994,0.4782,0.6957,7.5096,122.2977,5.5201,MEDIO
0.4908,0.6095,0.5055,15.3209,96.9379,3.4045,BAJO
0.4786,0.3035,0.3558,14.9466,101.4139,4.5216,BAJO
0.4325,0.3545,0.4817,12.3013,105.433,4.3276,BAJO
0.5121,0.3385,0.6885,14.6466,96.3933,5.0817,BAJO
0.5421,0.5185,0.55,9.0791,81.8706,2.0063,BAJO
0.5677,0.505,0.2906,9.6327,94.1131,5.3837,BAJO
0.6507,0.8761,0.5959,5.0756,124.3093,1.2323,ALTO
0.5503,0.5914,0.5635,8.5825,123.9402,4.4916,MEDIO
0.8195,0.8136,0.6181,4.8136,144.3588,0.0,ALTO
0.392,0.5187,0.4822,16.3146,113.5287,4.3526,BAJO
0.6164,0.6948,0.6948,7.9049,111.3299,4.6526,MEDIO
0.6084,0.5356,0.8545,11.0852,108.3499,3.555,MEDIO
0.419,0.7712,0.3644,10.2788,115.7854,4.3451,BAJO
0.6883,0.597,0.7147,5.8987,116.7471,1.5853,ALTO
0.7708,0.7011,0.8076,2.7759,138.4957,1.3292,ALTO
0.7985,0.6697,0.6901,6.639,125.2984,4.3838,ALTO
0.6851,0.7798,0.6362,1.3219,149.0611,2.1734,ALTO
0.4226,0.5522,0.2846,19.1852,94.0908,5.9538,BAJO
0.2943,0.4267,0.5498,11.567,127.3314,3.7646,BAJO
0.85,0.8445,0.7733,4.2599,160.6308,1.2074,ALTO
0.54,0.707,0.6428,10.592,127.3984,2.9543,MEDIO
0.5493,0.7709,0.8234,3.3664,130.7087,2.704,ALTO
0.7692,0.6931,0.6925,4.7597,115.9101,1.5617,MEDIO
0.3128,0.3435,0.2129,18.498,115.852,3.0165,BAJO
0.6024,0.7663,0.6708,5.8482,141.9097,3.2809,ALTO
0.6621,0.7475,0.7792,12.1635,120.778,2.4314,ALTO
0.5999,0.4171,0.5962,12.0376,121.934,2.7993,BAJO
0.739,0.9899,0.8703,6.256,141.2788,2.2637,ALTO
0.6112,0.703,0.8138,11.3575,126.2688,3.0038,ALTO
0.3093,0.3503,0.2784,13.7743,112.4531,5.2242,BAJO
0.7263,0.5713,0.6073,5.9672,129.6596,3.5819,MEDIO
0.6058,0.5599,0.7311,9.7596,110.9805,4.3475,MEDIO
0.5275,0.7962,0.5026,2.6378,140.7388,2.1671,MEDIO
0.7694,0.447,0.6668,6.6856,139.5915,2.1731,ALTO
0.462,0.5742,0.7059,9.7508,106.021,5.7734,BAJO
0.7891,0.8309,0.9075,9.0097,131.5346,0.6532,ALTO
0.599,0.3928,0.7882,7.475,101.3846,2.9047,MEDIO
0.5422,0.5273,0.6201,16.7237,120.4824,3.5669,MEDIO
0.8535,0.6615,0.4835,2.8039,135.3418,3.5725,ALTO
0.6667,0.7178,0.8307,3.6562,119.6164,3.8655,MEDIO
0.5045,0.6526,0.4443,8.2122,117.8762,2.872,MEDIO
0.5324,0.5134,0.4542,13.1258,113.0336,3.9131,BAJO
0.4405,0.4628,0.6689,7.8612,113.7789,3.1768,MEDIO
0.6319,0.2507,0.4591,6.9833,113.4332,3.1345,BAJO
0.384,0.4972,0.433,13.1082,89.4669,6.388,BAJO
0.5085,0.7038,0.6935,4.4115,117.6112,3.5111,MEDIO
0.2621,0.5272,0.6355,9.5191,89.3473,4.2293,BAJO
0.4852,0.3938,0.5746,16.1592,119.1809,5.1088,BAJO
0.4969,0.5042,0.3761,11.7828,107.6346,3.5642,BAJO
0.2857,0.2266,0.5396,12.8881,99.0092,4.3893,BAJO
0.7631,0.5255,0.564,6.9203,123.0983,2.0039,MEDIO
0.5602,0.5824,0.7053,8.1334,113.9631,3.9844,MEDIO
0.4655,0.6463,0.6025,6.634,133.3119,2.5775,MEDIO
0.3968,0.6626,0.5395,10.7405,101.6485,5.0033,BAJO
0.7103,0.4905,0.3482,10.8198,122.6617,4.2015,MEDIO
0.4873,0.5207,0.3931,11.1279,111.9922,2.1131,MEDIO
0.5101,0.4689,0.4393,10.9399,130.2896,5.0889,BAJO
0.7902,0.5902,0.9039,2.8772,140.8148,1.2679,ALTO
0.7267,0.9718,0.5791,8.4774,142.6851,0.3597,ALTO
0.4812,0.6587,0.6813,10.1718,138.0741,4.1347,BAJO
0.4914,0.5346,0.3656,11.2494,107.7264,2.0967,MEDIO
0.6194,0.48,0.5187,10.656,130.5009,5.3446,MEDIO
0.6198,0.5795,0.6053,10.0423,141.5715,3.1093,MEDIO
0.4417,0.5961,0.7372,10.3416,96.351,1.9479,BAJO
0.4272,0.4149,0.5863,12.2149,101.4967,2.7648,MEDIO
0.6336,0.5607,0.6718,5.7436,98.045,0.9237,MEDIO
0.6981,0.7354,0.9829,8.1106,152.5205,1.332,ALTO
0.6836,0.4821,0.4987,4.276,93.1959,1.7986,MEDIO
0.7783,0.5959,0.7447,9.8173,93.3468,3.49,ALTO
0.4223,0.3479,0.5984,12.5597,92.2289,3.7557,BAJO
0.773,0.7573,0.8445,6.8401,104.3631,1.1949,ALTO
0.8212,0.7182,0.6865,4.1243,130.2319,2.6877,ALTO
0.8966,0.6525,0.6468,9.3683,110.1185,2.885,ALTO
0.9157,0.6293,0.6499,4.5182,106.0278,2.9841,MEDIO
0.3596,0.5581,0.4842,6.1284,114.8245,2.5533,BAJO
0.527,0.4944,0.4834,6.0591,116.7182,3.1446,BAJO
0.8409,0.7764,0.8284,4.2607,106.3697,0.5767,ALTO
0.6126,0.7952,0.6545,2.3386,114.0123,2.5061,ALTO
0.5427,0.2017,0.4593,18.6314,99.6852,4.0054,BAJO
0.822,0.9119,0.7211,9.9314,117.664,1.9836,MEDIO
0.4416,0.5194,0.4397,14.6542,109.3924,2.9473,BAJO
0.6782,0.7367,0.5794,10.6255,143.4904,2.4133,MEDIO
0.5598,0.5383,0.6328,6.2671,153.3227,2.5263,ALTO
0.3786,0.5501,0.3608,10.3064,99.9376,5.1006,BAJO
0.6008,0.6026,0.543,0.3399,102.2123,2.5264,MEDIO
0.7217,0.5626,0.8388,6.6203,117.3829,2.0271,MEDIO
0.5398,0.5559,0.4758,12.0977,124.8364,2.788,BAJO
0.377,0.6169,0.9124,4.5587,123.0442,1.2951,MEDIO
0.5896,0.8007,0.7986,3.8984,140.3002,2.1836,ALTO
0.5304,0.6555,0.7755,5.7055,154.3116,2.1836,ALTO
0.5268,0.5874,0.7238,9.2046,94.5225,3.1181,BAJO
0.744,0.6216,0.8033,8.8181,121.2951,2.0967,MEDIO
0.7232,0.7235,1.0,0.0,159.4325,2.7578,ALTO
0.5669,0.6286,0.5819,2.2959,119.1325,2.5009,ALTO
0.5178,0.6698,0.6217,11.7422,132.0926,2.7951,BAJO
0.523,0.7191,0.5621,9.135,131.7009,1.6903,MEDIO
0.5638,0.7175,0.4463,6.9019,138.9516,3.6022,MEDIO
0.5326,0.5918,0.5444,12.8123,146.7069,2.5667,MEDIO
0.9124,0.867,1.0,0.0,141.8971,0.0,ALTO
0.4041,0.4897,0.5272,12.6594,87.598,3.3639,BAJO
0.686,0.4924,0.9639,5.1438,118.5691,2.0569,MEDIO
0.522,0.5495,0.8519,10.2061,149.427,2.0586,MEDIO
0.5163,0.3864,0.8271,5.5501,86.2592,4.1296,MEDIO
0.5572,0.4392,0.8247,8.0225,124.5797,2.9904,MEDIO
0.6471,0.4608,0.843,11.6227,78.22,3.3398,MEDIO
0.5353,0.668,0.714,6.6177,104.3709,3.8108,MEDIO
0.5999,0.4569,0.6556,11.4083,132.5352,1.2811,MEDIO
0.4181,0.3925,0.5556,14.1346,110.9737,6.2239,BAJO
0.6276,0.9404,0.7624,1.9402,125.8769,1.5024,ALTO
0.71,0.5032,0.743,7.7167,116.3868,2.5716,MEDIO
0.9601,0.7344,0.8615,1.5571,103.5092,1.5841,ALTO
0.5295,0.4681,0.5884,7.7963,130.9661,0.6616,MEDIO
0.5772,0.4915,0.4554,10.112,114.6239,1.6968,MEDIO
0.5322,0.6394,0.7306,4.2147,102.9669,1.6365,ALTO
0.3726,0.4046,0.483,11.8357,114.607,4.5962,BAJO
0.5246,0.676,0.5636,6.5565,128.4573,1.1602,BAJO
0.5267,0.7417,0.5863,7.1266,114.6416,2.0611,MEDIO
0.3873,0.5418,0.435,13.8544,108.456,4.4429,BAJO
0.5849,0.7326,0.7622,5.6704,120.6146,3.3355,ALTO
0.3675,0.3696,0.5578,6.9712,105.1357,3.8254,BAJO
0.5002,0.5338,0.7323,11.6748,117.7536,1.9728,MEDIO
0.69,0.6873,0.6793,7.6227,132.6284,0.6942,MEDIO
0.5911,0.8341,0.7328,1.1044,144.5372,2.3549,ALTO
0.4614,0.7213,0.5564,12.7076,123.2908,5.361,BAJO
0.5889,0.6892,0.4363,8.0037,106.465,2.807,BAJO
0.4247,0.6222,0.5855,6.3975,121.7654,2.2677,MEDIO
0.5387,0.8342,0.639,3.5806,118.7624,3.1641,MEDIO
0.364,0.5393,0.6784,12.1935,103.8096,3.9104,BAJO
0.6689,0.5328,0.4428,6.4252,110.6716,2.8087,MEDIO
0.7002,0.6742,0.499,3.4094,133.6855,4.0051,MEDIO
0.637,0.5085,0.5882,9.1657,141.5064,3.6861,MEDIO
0.5979,0.4869,0.6797,13.0995,84.0766,4.0922,BAJO
0.7046,0.5091,0.7711,2.8506,153.4361,0.0,ALTO
0.6342,0.623,0.6208,8.3248,143.6592,1.2174,ALTO
0.6421,0.4803,0.3628,16.0782,114.3334,3.0915,BAJO
0.9311,0.8389,0.6585,8.789,125.7672,0.8954,ALTO
0.5568,0.7645,0.5637,10.6387,127.3554,2.8212,MEDIO
0.5652,0.4521,0.7143,9.494,108.4679,3.292,BAJO
0.748,0.8894,0.7731,6.146,119.4347,0.6105,MEDIO
0.5837,0.606,0.4947,8.1643,97.5442,3.8652,MEDIO
0.7204,0.6778,0.7609,8.061,98.4789,2.4152,MEDIO
0.7003,0.406,0.7143,4.3808,154.1512,3.1454,MEDIO
0.4964,0.4762,0.4493,7.0264,117.0874,4.0832,BAJO
0.413,0.5084,0.4141,9.5204,104.9972,3.8745,BAJO
0.6535,0.6671,0.7109,7.5512,122.9647,3.8858,MEDIO
0.4217,0.5641,0.6029,9.4196,103.9563,3.0794,BAJO
0.5754,0.7008,0.4952,4.5195,121.0819,3.9509,BAJO
0.5786,0.459,0.682,9.2467,124.3399,1.409,MEDIO
